recno,HIP,BD/HD,Rem,SpType,n_SpType,Teff,log(g),f_log(g),xi,f_xi,[M/H],f_[M/H],n_[M/H],SMW,logR'HK,AC,Res,n_AC,n_HIP,SimbadName,_RA,_DE
94,13976,HD 18632," ",K2.5 V k,*,4899,4.49,f,1.0,f,-0.12," "," ",0.612,-4.418,"A ",1.8," ",13,HIP 13976,45.0117,7.7498
101,15099,HD 20165," ",K1 V," ",5147,4.54,f,1.0,f,0.0," "," ",0.162,-5.05,"I ",3.6," ",,HIP 15099,48.6968,8.9808
77,12114,HD 16160," ",K3 V," ",4739,4.58,f,1.0,f,-0.37," "," ",0.17,-5.094,"I ",3.6," ",,HIP 12114,39.0204,6.8869
84,12828,HD 17094," ",A9 IIIp,*,7225,3.9," ",3.2," ",0.04," "," ",,,"  ",," ",12,HIP 12828,41.2356,10.1141
87,12929,HD 17230," ",K6 V," ",,," ",," ",," "," ",0.914,-4.768,"I ",3.6," ",,HIP 12929,41.572,11.7752
89,13258,HD 17660," ",K4.5 V," ",,," ",," ",," "," ",0.941,-4.624,"A ",3.6," ",,HIP 13258,42.6537,15.7099
91,13601,HD 18144," ",G8 V," ",5412,4.38," ",1.0,f,-0.11," "," ",0.183,-4.916,"I ",1.8," ",,HIP 13601,43.8225,16.3092
120,18267,HD 24496," ",G7 V," ",5445,4.44," ",1.0,f,-0.14," "," ",0.185,-4.894,"I ",1.8," ",,HIP 18267,58.6168,16.6161
109,17336,HD 23052," ",G4 V," ",5639,4.47," ",1.0,f,-0.21," "," ",0.194,-4.828,"I ",1.8," ",,HIP 17336,55.6537,17.2935
127,19076,HD 25680," ",G1 V," ",5788,4.45," ",1.0,f,0.01," "," ",0.253,-4.608,"A ",1.8," ",,HIP 19076,61.3344,22.0089
119,18097,HD 24206," ",G7 V," ",5517,4.49," ",1.0,f,-0.12," "," ",0.184,-4.883,"I ",3.6," ",,HIP 18097,58.0233,22.6716
114,17609,HD 23453," ",M1 V," ",,," ",," ",," "," ",,,"  ",," ",,HIP 17609,56.5839,26.2155
83,12709,HD 16909," ",K3.5 V k," ",,," ",," ",," "," ",0.844,-4.478,"A ",3.6," ",,HIP 12709,40.8372,19.4292
54,7981,HD 10476," ",K0 V," ",5249,4.55,f,1.0,f,-0.13," "," ",0.151,-5.095,"I ",3.6," ",,HIP 7981,25.624,20.2685
65,8903,HD 11636," ",kA4hA5mA5 Va," ",8300,4.1," ",3.5," ",0.02," "," ",,,"  ",," ",,HIP 8903,28.66,20.808
73,10505,HD 13825," ",G5 IV-V," ",5550,4.1," ",1.0,f,0.12," "," ",0.164,-4.986,"I ",3.6," ",,HIP 10505,33.8517,24.2713
68,9884,HD 12929," ",K1 IIIb," ",4504,2.2," ",1.0,f,-0.33," ",K,,,"  ",," ",,HIP 9884,31.7934,23.4624
67,9829,HD 12846," ",G2 V-," ",5667,4.38," ",1.0,f,-0.25," "," ",0.164,-4.975,"I ",1.8," ",,HIP 9829,31.626,24.334
102,15332," "," ",M2.5 V," ",,," ",," ",," "," ",,,"  ",," ",,HIP 15332,49.4385,25.2518
98,14594,HD 19445," ",G2 V Fe-3," ",5920,4.3," ",1.0,f,-1.98," "," ",,,"  ",," ",,HIP 14594,47.1066,26.3309
86,12926,HD 17190," ",K1 V," ",5112,4.47,f,1.0,f,-0.2," "," ",0.177,-4.983,"I ",3.6," ",,HIP 12926,41.5634,25.6499
88,13081,HD 17382," ",K0 V," ",5188,4.5,f,1.0,f,0.0," "," ",0.342,-4.578,"A ",3.6," ",,HIP 13081,42.0381,27.0686
95,14150,HD 18803,*,G6 V," ",5588,4.21," ",1.0,f,0.14," "," ",0.193,-4.854,"I ",3.6," ",,HIP 14150,45.6084,26.6092
92,13642,HD 18143," ",K2 IV," ",4732,4.32,f,1.0,f,-0.44," "," ",0.158,-5.119,VI,3.6," ",,HIP 13642,43.9127,26.8732
90,13398," "," ",M2 V," ",,," ",," ",," "," ",,,"  ",," ",,HIP 13398,43.1043,26.975
136,20917,HD 28343," ",M0.5 V," ",,," ",," ",," "," ",,,"  ",," ",,HIP 20917,67.2505,21.9227
140,21482,HD 283750," ",K3 IV ke,*,,," ",," ",," "," ",2.46,-4.057,VA,3.6," ",26,HIP 21482,69.201,27.1322
144,21847,HD 29645," ",F9 IV-V," ",5938,3.96," ",1.5," ",-0.01," "," ",0.14,-5.114,VI,1.8," ",,HIP 21847,70.4594,38.2802
135,19930,HD 26900," ",K2.5 V," ",,," ",," ",," "," ",0.413,-4.592,"A ",3.6," ",,HIP 19930,64.1361,36.5018
156,24502,HD 33959C,*,F5 V," ",,," ",," ",," "," ",0.287,-4.397,"A ",1.8," ",,HIP 24502,78.8484,32.6848
163,25580,HD 35681," ",F7 V," ",6353,4.2," ",1.7," ",0.05," "," ",0.184,-4.781,"I ",1.8," ",,HIP 25580,82.0039,33.7637
154,24332,HD 33632," ",F8 V," ",6123,4.25," ",1.6," ",-0.21," "," ",0.173,-4.857,"I ",1.8," ",,HIP 24332,78.3227,37.3373
157,24813,HD 34411,*,G1 V," ",5857,4.17," ",1.0,f,0.04," "," ",0.15,-5.055,"I ",1.8," ",,HIP 24813,79.7853,40.0991
174,28360,HD 40183," ",A1 IV-Vp...,*,9024,3.71," ",2.0,f,0.0," ",*,,,"  ",," ",34,HIP 28360,89.8822,44.9474
167,26505,HD 37008," ",K1 V," ",,," ",," ",," "," ",0.138,-5.163,VI,3.6," ",,HIP 26505,84.5494,51.4457
126,18915,HD 25329," ",K3 Vp Fe-1.7,*,4889,4.83,f,1.0,f,-1.61," "," ",0.132,-5.199,VI,3.6," ",21,HIP 18915,60.8125,35.2733
129,19335,HD 25998," ",F8 V," ",6252,4.13," ",1.8," ",-0.01," "," ",0.285,-4.468,"A ",1.8," ",23,HIP 19335,62.1526,38.0397
128,19255,HD 25893," ",G9 V  (k),*,5068,4.45," ",1.0,f,-0.43," "," ",0.648,-4.302,"A ",1.8," ",22,HIP 19255,61.8931,38.0745
112,17666,HD 23439A," ",K2: V Fe-1.3," ",,," ",," ",," "," ",0.137,-5.172,VI,3.6," ",17,HIP 17666,56.7588,41.4273
113,17666,HD 23439B," ",K3 Vp Fe-1.0,*,,," ",," ",," "," ",0.129,-5.216,VI,3.6," ",,HIP 17666,56.7588,41.4273
107,16209," "," ",K7 Vb," ",,," ",," ",," "," ",0.632,-4.992,"I ",3.6," ",15,HIP 16209,52.2214,37.3824
97,14576,HD 19356," ",B8 V,*,,," ",," ",," "," ",,,"  ",," ",14,HIP 14576,47.0422,40.9556
105,15797,BD+43 699," ",K3 V," ",4701,4.71,f,1.0,f,-0.71," "," ",0.288,-4.84,"I ",3.6," ",,HIP 15797,50.8895,43.9573
111,17491,HD 23140," ",K0 V," ",5066,4.41,f,1.0,f,-0.41," "," ",0.252,-4.783,"I ",3.6," ",,HIP 17491,56.2035,46.0358
168,26779,HD 37394," ",K0 V," ",5264,4.48,f,1.0,f,0.0," "," ",0.373,-4.553,"A ",3.6," ",,HIP 26779,85.3347,53.4811
149,23783,HD 32537," ",F2 V," ",7018,4.05," ",2.1," ",-0.12," "," ",,,"  ",," ",,HIP 23783,76.6693,51.5977
142,21553,HD 232979," ",M0 V," ",,," ",," ",," "," ",,,"  ",," ",,HIP 21553,69.4205,52.8936
45,6917,HD 8997," ",K2.5 V," ",4793,4.41,f,1.0,f,-0.56," "," ",0.509,-4.557,"A ",3.6," ",,HIP 6917,22.2704,21.7232
42,5957," "," ",M0 V," ",,," ",," ",," "," ",,,"  ",," ",,HIP 5957,19.164,25.3315
63,8796,HD 11443," ",F6 IV," ",6273,3.57," ",2.1," ",-0.24," ",*,,,"  ",," ",9,HIP 8796,28.2704,29.5788
55,8043,BD+27 273," ",M1 V," ",,," ",," ",," "," ",,,"  ",," ",,HIP 8043,25.8166,27.8421
62,8543,HD 11130," ",G9 V," ",5270,4.65," ",1.0,f,-0.57," "," ",0.138,-5.165,VI,3.6," ",,HIP 8543,27.5328,29.4646
66,9269,HD 12051," ",G9 V," ",5446,4.36," ",1.0,f,0.0," "," ",0.142,-5.134,VI,1.8," ",,HIP 9269,29.7776,33.2097
69,10064,HD 13161," ",A5 IV," ",8186,3.7," ",2.0,f,0.2," ",*,,,"  ",," ",10,HIP 10064,32.3859,34.9873
71,10339,HD 13531," ",G7 V," ",5517,4.48," ",1.0,f,-0.08," "," ",0.329,-4.497,"A ",3.6," ",,HIP 10339,33.3056,40.5076
70,10321,HD 13507," ",G5 V," ",5569,4.35," ",1.0,f,-0.19," "," ",0.292,-4.548,"A ",1.8," ",,HIP 10321,33.2292,40.6683
81,12623,HD 16739," ",F9 IV-V," ",5973,3.9," ",1.8," ",-0.03," "," ",0.153,-5.012,"I ",1.8," ",,HIP 12623,40.5621,40.1939
85,12886," "," ",M1+ V," ",,," ",," ",," "," ",,,"  ",," ",,HIP 12886,41.4153,44.9488
53,7918,HD 10307,*,G1 V," ",5874,4.35," ",1.0,f,0.1," "," ",0.155,-5.017,"I ",1.8," ",,HIP 7918,25.4464,42.6134
50,7734,HD 10086," ",G5 V," ",5659,4.61," ",1.0,f,-0.02," "," ",0.228,-4.723,"A ",1.8," ",,HIP 7734,24.9001,45.8778
19,3418,BD+33 99," ",K5- V," ",,," ",," ",," "," ",0.452,-4.848,"I ",3.6," ",,HIP 3418,10.8869,33.8446
18,3206,HD 3765," ",K2.5 V," ",4892,4.36,f,1.0,f,-0.11," "," ",0.161,-5.101,VI,3.6," ",,HIP 3206,10.2053,40.1872
39,5521,HD 6963," ",G7 V," ",,," ",," ",," "," ",0.222,-4.768,"I ",3.6," ",,HIP 5521,17.6746,42.9318
41,5944,HD 7590," ",G0- V (k)," ",6013,4.62," ",1.9," ",-0.16," "," ",0.294,-4.487,"A ",1.8," ",,HIP 5944,19.1219,42.9394
10,1598,HD 1562," ",G1 V," ",5756,4.43," ",1.0,f,-0.22," "," ",0.162,-4.979,"I ",1.8," ",,HIP 1598,5.0017,38.2274
38,5336,HD 6582," ",K1 V Fe-2," ",5526,4.49,f,1.0,f,-0.77," "," ",0.157,-5.031,"I ",3.6," ",,HIP 5336,17.0683,54.9203
6,746,HD 432," ",F2 III," ",6915,3.49," ",3.1," ",-0.02," "," ",,,"  ",," ",,HIP 746,2.2945,59.1498
3,518,HD 123," ",G4 V,*,5718,4.5," ",1.0,f,0.06," "," ",0.257,-4.644,"A ",1.8," ",1,HIP 518,1.5659,58.4367
99,14632,HD 19373,*,F9.5 V," ",5899,4.17," ",1.4," ",-0.09," "," ",0.16,-4.962,"I ",1.8," ",,HIP 14632,47.2667,49.6133
104,15673,HD 232781," ",K3.5 V," ",,," ",," ",," "," ",0.404,-4.691,"A ",3.6," ",,HIP 15673,50.4781,52.3315
96,14286,HD 18757," ",G1.5 V," ",5629,4.28," ",1.0,f,-0.27," "," ",0.16,-4.987,"I ",1.8," ",,HIP 14286,46.0402,61.7058
93,13665,HD 17948," ",F5 V," ",6500,4.07," ",1.5," ",-0.29," "," ",0.2,-4.676,"A ",1.8," ",,HIP 13665,43.9872,61.5211
137,21088," "," ",M4.5 V," ",,," ",," ",," "," ",,,"  ",," ",,HIP 21088,67.798,58.9771
141,21492," "," ",M2.5 V," ",,," ",," ",," "," ",,,"  ",," ",,HIP 21492,69.2435,59.3666
122,18413,HD 24409," ",G3 V," ",5584,4.2," ",1.0,f,-0.17," "," ",0.176,-4.927,"I ",1.8," ",,HIP 18413,59.048,59.6419
121,18324,HD 24238," ",K2 V," ",,," ",," ",," "," ",0.139,-5.153,VI,3.6," ",,HIP 18324,58.766,61.1668
116,17749,HD 23189," ",K2 V,*,,," ",," ",," "," ",0.559,-5.045,"I ",3.6," ",19,HIP 17749,57.0043,68.6729
117,17750,HD 23189B," ",M2 V,*,,," ",," ",," "," ",,,"  ",," ",,HIP 17750,57.006,68.678
118,17750,HD GL153C," ",K6 V,*,,," ",," ",," "," ",1.157,,"  ",3.6," ",,HIP 17750,57.006,68.678
130,19422,HD 25665," ",K2.5 V," ",4843,4.57,f,1.0,f,-0.3," "," ",0.264,-4.847,"I ",3.6," ",,HIP 19422,62.396,69.5414
56,8070,HD 10436," ",K5.5 V," ",,," ",," ",," "," ",0.905,-4.657,"A ",3.6," ",,HIP 8070,25.9197,63.8234
59,,BD+63 241," ",K5 Ib,*,,," ",," ",," "," ",,,"  ",," ",8,BD+63 241,26.9421,63.8394
58,8362,HD 10780," ",G9 V," ",5312,4.38," ",1.0,f,0.07," "," ",0.186,-4.933,"I ",3.6," ",,HIP 8362,26.9368,63.8525
64,8867,HD 11373," ",K3 V k," ",4666,4.63,f,1.0,f,-0.45," "," ",0.63,-4.516,"A ",3.6," ",,HIP 8867,28.5255,66.1762
32,4872,BD+61 195," ",M2+ V," ",,," ",," ",," "," ",,,"  ",," ",,HIP 4872,15.6619,62.345
36,5247,BD+63 137," ",K7 V," ",,," ",," ",," "," ",0.912,-4.801,"I ",3.6," ",,HIP 5247,16.7842,63.9413
46,7339,HD 9407," ",G6.5 V," ",,," ",," ",," "," ",0.158,-5.021,"I ",3.6," ",,HIP 7339,23.6386,68.9481
29,4454,HD 5351," ",K4 V," ",,," ",," ",," "," ",0.222,-5.015,"I ",3.6," ",,HIP 4454,14.2684,69.0435
33,4907,HD 5996," ",G9 V (k)," ",5497,4.5," ",1.0,f,-0.14," "," ",0.382,-4.454,"A ",1.8," ",,HIP 4907,15.7384,69.2271
24,3876,HD 4635," ",K2.5 V+," ",,," ",," ",," "," ",0.292,-4.742,"A ",3.6," ",,HIP 3876,12.4437,70.4495
13,1860," "," ",M2.5 V," ",,," ",," ",," "," ",,,"  ",," ",,HIP 1860,5.8701,77.1893
159,25110,HD 33564," ",F7 V," ",6394,4.15," ",1.4," ",0.15," "," ",0.155,-4.949,"I ",1.8," ",,HIP 25110,80.6397,79.2311
260,44109,BD+02 2116," ",K6 V (k)," ",,," ",," ",," "," ",1.48,-5.0,"I ",3.6," ",,HIP 44109,134.7593,1.8647
267,45383,HD 79555," ",K3+ V," ",4489,4.57,f,1.0,f,-0.8," "," ",0.708,-4.493,"A ",3.6," ",,HIP 45383,138.7236,4.4429
252,42172,HD 72945," ",F8 IV-V," ",6269,4.35," ",1.7," ",0.02," "," ",0.152,-4.981,"I ",1.8," ",,HIP 42172,128.9624,6.6202
253,42173,HD 72946," ",G8- V," ",5564,4.69," ",1.0,f,-0.03," "," ",0.253,-4.666,"A ",1.8," ",,HIP 42173,128.9636,6.6228
257,43557,HD 75767," ",G1.5 V," ",5741,4.42," ",1.0,f,-0.08," "," ",0.247,-4.638,"A ",1.8," ",,HIP 43557,133.0683,8.0629
255,42499,HD 73667," ",K2 V," ",5131,4.58,f,1.0,f,-0.15," "," ",0.144,-5.127,VI,3.6," ",,HIP 42499,129.9616,11.5227
265,45170,HD 79096," ",G9 V," ",5270,4.29,f,1.0,f,-0.36," "," ",0.197,-4.846,"I ",3.6," ",,HIP 45170,138.0731,14.996
290,50564,HD 89449," ",F6 IV-V," ",6476,4.08," ",1.8," ",0.04," "," ",0.182,-4.749,"A ",1.8," ",,HIP 50564,154.934,19.4709
280,49018,HD 86590," ",K0 V k,*,,," ",," ",," ",*,1.417,-3.953,VA,3.6," ",56,HIP 49018,150.0071,24.5527
273,46843,HD 82443," ",G9 V  (k),*,5372,4.54," ",1.0,f,-0.18," "," ",0.582,-4.264,"A ",3.6," ",53,HIP 46843,143.1823,26.9885
245,40375,HD 68834," ",K5 V," ",,," ",," ",," "," ",1.102,-4.555,"A ",3.6," ",48,HIP 40375,123.6496,13.0228
248,40977,HD 70276," ",Se," ",,," ",," ",," "," ",,,"  ",," ",,HIP 40977,125.4286,17.2852
242,40167,HD 68255/7," ",F8 V," ",,," ",," ",," "," ",0.16,,"  ",1.8," ",,HIP 40167,123.053,17.6478
243,40167,HD 68256," ",G0 IV-V," ",,," ",," ",," "," ",0.169,,"  ",1.8," ",,HIP 40167,123.053,17.6478
235,38657,HD 64468," ",K2.5 V," ",,," ",," ",," "," ",0.151,-5.146,VI,3.6," ",,HIP 38657,118.7253,19.2363
237,39064,HD 65430," ",K0 V," ",5192,4.51,f,1.0,f,-0.2," "," ",0.147,-5.11,VI,3.6," ",,HIP 39064,119.8914,20.8439
240,39780,HD 67228," ",G2 IV," ",5788,4.0," ",1.1," ",0.12," "," ",0.136,-5.181,VI,1.8," ",,HIP 39780,121.9411,21.5818
247,40843,HD 69897," ",F6 V," ",6297,4.06," ",1.4," ",-0.25," "," ",0.176,-4.809,"I ",1.8," ",,HIP 40843,125.0161,27.2177
268,45617,HD 79969," ",K3 V," ",4612,4.39,f,1.0,f,-0.6," "," ",0.367,-4.736,"A ",3.6," ",,HIP 45617,139.4727,28.5605
258,43587,HD 75732," ",K0 IV-V," ",4999,4.37,f,1.0,f,-0.09," "," ",0.152,-5.099,"I ",3.6," ",,HIP 43587,133.1492,28.3308
246,40671,BD+31 1781," ",K4.5 V," ",,," ",," ",," "," ",0.484,-4.834,"I ",3.6," ",,HIP 40671,124.5449,30.6008
263,44897,HD 78366," ",G0 IV-V," ",5926,4.36," ",1.0,f,0.0," "," ",0.263,-4.555,"A ",1.8," ",,HIP 44897,137.2128,33.8822
259,43852,HD 76218," ",G9- V (k)," ",5356,4.49," ",1.0,f,-0.12," "," ",0.361,-4.503,"A ",1.8," ",,HIP 43852,133.982,36.1962
288,50384,HD 89125," ",F6 V," ",6193,4.06," ",1.3," ",-0.3," "," ",0.173,-4.832,"I ",1.8," ",,HIP 50384,154.3106,23.1062
310,,HD 97101B," ",M2+ V," ",,," ",," ",," "," ",,,"  ",," ",,HD 97101B,167.7603,30.4449
309,54646,HD 97101," ",K7 V," ",,," ",," ",," "," ",1.303,-4.581,"A ",3.6," ",,HIP 54646,167.7716,30.446
302,54028,HD 95724," ",K2.5 V k," ",,," ",," ",," "," ",0.488,-4.536,"A ",3.6," ",,HIP 54028,165.8103,30.592
281,49081,HD 86728,*,G4 V," ",5720,4.29," ",1.0,f,0.1," "," ",0.146,-5.101,VI,1.8," ",,HIP 49081,150.2527,31.9237
284,49699,HD 87883," ",K2.5 V," ",,," ",," ",," "," ",0.2,-4.999,"I ",3.6," ",,HIP 49699,152.1797,34.2423
282,49593,HD 87696," ",A7 V(n)," ",7839,4.07," ",2.0,f,-0.01," ",*,,,"  ",," ",57,HIP 49593,151.8573,35.2447
312,54745,HD 97334," ",G1 V," ",5947,4.74," ",1.0,f,0.07," "," ",0.362,-4.368,"A ",1.8," ",,HIP 54745,168.1348,35.8141
306,54426,HD 96612," ",K3- V," ",,," ",," ",," "," ",0.264,-4.836,"I ",3.6," ",,HIP 54426,167.0584,38.4266
319,56809,HD 101177," ",F9.5 V," ",5932,4.31," ",1.3," ",-0.18," "," ",0.159,-4.956,"I ",1.8," ",,HIP 56809,174.6871,45.1084
325,58001,HD 103287," ",A1 IV(n)," ",9272,3.64," ",2.0,f,-0.19," ",*,,,"  ",," ",65,HIP 58001,178.4577,53.6948
276,47080,HD 82885," ",G8+ V,*,5370,4.4," ",1.0,f,0.06," "," ",0.283,-4.64,"A ",1.8," ",55,HIP 47080,143.9146,35.8101
292,50786,HD 89744," ",F8 IV," ",6202,3.99," ",2.0," ",0.05," "," ",0.137,-5.106,VI,1.8," ",,HIP 50786,155.544,41.2295
289,50505,HD 89269," ",G4 V," ",5639,4.54," ",1.0,f,-0.2," "," ",0.159,-5.0,"I ",1.8," ",,HIP 50505,154.7165,44.0483
270,45963,HD 80715," ",K2.5 V ke,*,4627,4.35,f,1.0,f,-0.58," "," ",1.5,-4.099,VA,3.6," ",52,HIP 45963,140.6081,40.2011
262,44248,HD 76943," ",F5 IV-V," ",6538,3.98," ",2.2," ",0.01," "," ",0.233,-4.548,"A ",1.8," ",,HIP 44248,135.1599,41.7829
271,46199,HD 81105," ",K4 V," ",,," ",," ",," "," ",0.565,-4.702,"A ",3.6," ",,HIP 46199,141.295,46.0982
277,47690,HD 84035," ",K4 V," ",,," ",," ",," "," ",0.506,-4.798,"I ",3.6," ",,HIP 47690,145.8569,42.6916
278,48113,HD 84737," ",G0 IV-V," ",5859,4.04," ",1.3," ",0.01," "," ",0.14,-5.131,VI,1.8," ",,HIP 48113,147.1474,46.021
286,49908,HD 88230," ",K8 V," ",,," ",," ",," "," ",1.727,-4.617,"A ",3.6," ",,HIP 49908,152.8423,49.4542
297,51525,BD+46 1635," ",K7 V," ",,," ",," ",," "," ",1.713,-4.59,"A ",3.6," ",,HIP 51525,157.8509,45.5261
299,52470,HD 92786," ",G9 V," ",5389,4.64," ",1.0,f,-0.29," "," ",0.157,-5.044,"I ",1.8," ",,HIP 52470,160.8909,48.2141
293,51248,HD 90508," ",G0 V," ",5779,4.24," ",1.0,f,-0.23," "," ",0.155,-5.005,"I ",1.8," ",,HIP 51248,157.0162,48.7849
287,50125,HD 233719," ",K6 V," ",,," ",," ",," "," ",0.462,-4.807,"I ",3.6," ",,HIP 50125,153.4891,52.5067
295,51459,HD 90839," ",F8 V," ",6165,4.37," ",1.5," ",-0.11," "," ",0.189,-4.768,"I ",1.8," ",,HIP 51459,157.6566,55.9805
298,51814,HD 91480," ",F2 V," ",6972,4.22," ",2.1," ",-0.05," "," ",,,"  ",," ",,HIP 51814,158.7904,57.0826
301,53910,HD 95418," ",A1 IVps (Sr II),*,9342,3.7," ",2.0," ",0.06," ",*,,,"  ",," ",60,HIP 53910,165.4603,56.3824
303,54061,HD 95689," ",G8 III," ",4742,2.31," ",1.0,f,-0.14," ",K,,,"  ",," ",,HIP 54061,165.932,61.751
316,56035,HD 99747," ",F5 V kF0mA9,*,6648,4.06," ",1.8," ",-0.46," "," ",0.313,-4.324,"A ",1.8," ",63,HIP 56035,172.269,61.7784
217,35550,HD 56986," ",F2 V kF0mF0,*,6906,3.68," ",2.6," ",-0.27," ",*,,,"  ",," ",45,HIP 35550,110.0307,21.9823
213,34950,HD 55458," ",K1 V," ",5131,4.65,f,1.0,f,-0.48," "," ",0.14,-5.148,VI,3.6," ",,HIP 34950,108.4713,25.0114
232,38228,HD 63433," ",G5 V," ",5691,4.6," ",1.0,f,-0.03," "," ",0.363,-4.424,"A ",1.8," ",,HIP 38228,117.4794,27.3632
230,37826,HD 62509," ",K0 III," ",4850,2.52," ",1.0,f,0.08," ",K,,,"  ",," ",,HIP 37826,116.329,28.0262
238,39157,HD 65583," ",K0 V Fe-1.3," ",5400,4.55,f,1.0,f,-0.74," "," ",0.146,-5.105,VI,1.8," ",,HIP 39157,120.1339,29.2124
233,38541,HD 64090," ",K0: V Fe-3...," ",5516,4.6,f,1.0,f,-1.52," "," ",0.188,-4.825,"I ",3.6," ",47,HIP 38541,118.388,30.6051
212,34567,HD 54371," ",G6 V," ",5528,4.34," ",1.0,f,-0.01," "," ",0.349,-4.462,"A ",3.6," ",,HIP 34567,107.3975,25.7286
211,34414,HD 53927," ",K2.5 V," ",4968,4.64,f,1.0,f,-0.38," "," ",0.19,-4.984,"I ",3.6," ",,HIP 34414,107.0177,29.8345
210,34017,HD 52711," ",G0 V," ",5847,4.32," ",1.0,f,-0.12," "," ",0.157,-4.987,"I ",1.8," ",,HIP 34017,105.8769,29.3371
222,36366,HD 58946," ",F1 V," ",7035,4.06," ",1.9," ",-0.21," "," ",,,"  ",," ",,HIP 36366,112.278,31.7846
221,36357,BD+32 1561," ",K2.5 V," ",4855,4.62,f,1.0,f,-0.61," "," ",0.473,-4.526,"A ",3.6," ",,HIP 36357,112.2574,31.9938
225,36850,HD 60178," ",A1.5 IV+," ",,," ",," ",," "," ",,,"  ",," ",,HIP 36850,113.6494,31.8883
223,36704,HD 59747," ",K1 V (k)," ",5043,4.58,f,1.0,f,-0.35," "," ",0.468,-4.46,"A ",1.8," ",,HIP 36704,113.2524,37.0298
241,40118,HD 68017," ",G3 V," ",5600,4.36," ",1.0,f,-0.32," "," ",0.167,-4.966,"I ",1.8," ",,HIP 40118,122.911,32.4571
256,42940,HD 74377," ",K3 V," ",,," ",," ",," "," ",0.141,-5.178,VI,3.6," ",,HIP 42940,131.2933,41.6718
250,41484,HD 71148,*,G1 V," ",5788,4.37," ",1.0,f,0.01," "," ",0.172,-4.913,"I ",3.6," ",,HIP 41484,126.9033,45.653
244,40170," "," ",K7- V," ",,," ",," ",," "," ",1.29,-4.697,"A ",3.6," ",,HIP 40170,123.0601,51.9071
199,32423,HD 263175," ",K3 V," ",4770,4.67,f,1.0,f,-0.59," "," ",0.241,-4.903,"I ",3.6," ",,HIP 32423,101.521,32.5557
201,32723,BD+35 1493," ",K6 V," ",,," ",," ",," "," ",1.377,-4.685,"A ",3.6," ",,HIP 32723,102.3994,35.1406
191,30862,HD 45391," ",G1 V," ",5715,4.53," ",1.0,f,-0.38," "," ",0.17,-4.923,"I ",1.8," ",,HIP 30862,97.1918,36.48
206,33373,BD+40 1758," ",K4.5 V," ",,," ",," ",," "," ",0.296,-5.021,"I ",3.6," ",,HIP 33373,104.1172,40.0743
198,,HD 48682B," ",K7 III," ",,," ",," ",," "," ",,,"  ",," ",44,HD 48682B,101.6921,43.5842
197,32480,HD 48682," ",F9 V," ",6087,4.38," ",1.6," ",0.0," "," ",0.158,-4.962,"I ",1.8," ",,HIP 32480,101.6847,43.5774
202,32919,HD 49601," ",K6 V," ",,," ",," ",," "," ",0.838,-4.74,"A ",3.6," ",,HIP 32919,102.885,47.3678
219,35643,HD 56963," ",F2 V kF1mF0,*,,," ",," ",," "," ",,,"  ",," ",46,HIP 35643,110.3229,45.2282
214,35136,HD 55575," ",F9 V," ",5866,4.23," ",1.0,f,-0.29," "," ",0.165,-4.927,"I ",1.8," ",,HIP 35136,108.9589,47.24
208,33852,HD 51866," ",K3 V," ",,," ",," ",," "," ",0.266,-4.889,"I ",3.6," ",,HIP 33852,105.4108,48.3787
229,37494,BD+49 1658," ",K5 V," ",,," ",," ",," "," ",1.267,-4.495,"A ",3.6," ",,HIP 37494,115.438,49.2222
231,38117,HD 233453," ",K3.5 V," ",,," ",," ",," "," ",0.299,-4.942,"I ",3.6," ",,HIP 38117,117.1648,53.6486
205,33322,BD+55 1142," ",K7 V," ",,," ",," ",," "," ",1.631,-4.642,"A ",3.6," ",,HIP 33322,103.9672,55.6387
261,44127,HD 76644," ",A7 V(n)," ",7769,3.91," ",2.0,f,0.0," ",*,,,"  ",," ",50,HIP 44127,134.8019,48.0418
274,46853,HD 82328," ",F5.5 IV-V," ",6334,3.8," ",1.6," ",-0.11," "," ",0.148,-4.957,"I ",1.8," ",,HIP 46853,143.2143,51.6773
266,45333,HD 79028," ",G0 IV-V," ",5871,3.98," ",1.5," ",-0.13," "," ",0.146,-5.073,"I ",1.8," ",,HIP 45333,138.5856,61.4233
264,45075,HD 78362," ",kA5hF0mF5 II,*,,," ",," ",," "," ",,,"  ",," ",51,HIP 45075,137.7294,63.5136
275,46977,HD 82210," ",G9 V Fe-0.7,*,5300,4.5,f,1.0,f,-0.76," "," ",0.301,-4.606,"A ",1.8," ",54,HIP 46977,143.6202,69.8303
177,29067," "," ",K6 V," ",,," ",," ",," "," ",1.735,-4.456,"A ",3.6," ",,HIP 29067,91.9802,67.9768
181,29761,HD 42250," ",G9 V," ",5367,4.35," ",1.0,f,0.1," "," ",0.147,-5.103,VI,3.6," ",,HIP 29761,94.0112,70.7816
218,35628,HD 56168," ",K2.5 V," ",,," ",," ",," "," ",0.416,-4.552,"A ",3.6," ",,HIP 35628,110.278,67.6618
200,32439,HD 46588," ",F8 V," ",6197,4.3," ",1.7," ",-0.08," "," ",0.167,-4.885,"I ",1.8," ",,HIP 32439,101.559,79.5648
296,51502,HD 90089," ",F4 V kF2mF2," ",6762,4.32," ",1.6," ",-0.14," "," ",,,"  ",," ",59,HIP 51502,157.7694,82.5586
416,73786,BD+06 2986," ",K8 V," ",,," ",," ",," "," ",1.124,-4.726,"A ",3.6," ",,HIP 73786,226.223,5.6381
408,72312,HD 130307," ",K2.5 V," ",4981,4.56,f,1.0,f,-0.41," "," ",0.329,-4.67,"A ",3.6," ",,HIP 72312,221.8171,2.7032
434,76051,BD+10 2868C,*,G2 V CH-0.3,*,,," ",," ",," "," ",0.277,-4.669,"A ",3.6," ",84,HIP 76051,232.9752,9.6575
412,72981," "," ",M2 V," ",,," ",," ",," "," ",,,"  ",," ",,HIP 72981,223.7228,9.9435
404,71395,HD 128311," ",K3- V," ",4720,4.53,f,1.0,f,-0.57," "," ",0.59,-4.489,"A ",3.6," ",,HIP 71395,219.0023,9.7465
406,72146,HD 130004," ",K2.5 V," ",,," ",," ",," "," ",0.221,-4.919,"I ",3.6," ",,HIP 72146,221.3508,13.8463
414,73512,HD 132950," ",K3+ V," ",,," ",," ",," "," ",0.676,-4.529,"A ",3.6," ",,HIP 73512,225.3749,15.8689
448,77718,HD 142093," ",G1 V," ",5859,4.55," ",1.0,f,-0.15," "," ",0.18,-4.863,"I ",3.6," ",,HIP 77718,238.0023,15.2359
427,75277,HD 136923," ",G9 V," ",,," ",," ",," "," ",0.194,-4.902,"I ",3.6," ",,HIP 75277,230.6951,18.919
418,74432,HD 135101," ",G5 V Fe-0.9," ",5550,4.05," ",1.0,f,-0.02," "," ",0.143,-5.122,VI,3.6," ",,HIP 74432,228.1812,19.286
419,74434,BD+19 2939B," ",G7 V,*,,," ",," ",," "," ",0.163,-5.006,"I ",3.6," ",82,HIP 74434,228.1824,19.2924
455,78709,HD 144287," ",G8+ V," ",5250,4.32," ",1.0,f,-0.25," "," ",0.155,-5.054,"I ",3.6," ",,HIP 78709,241.0155,25.2548
437,76267,HD 139006," ",A1 IV," ",9584,3.71," ",2.0,f,0.0," ",*,,,"  ",," ",86,HIP 76267,233.672,26.7147
396,69989,HD 125451," ",F3 V," ",6686,4.11," ",1.8," ",-0.07," "," ",,,"  ",," ",,HIP 69989,214.8178,13.0043
386,68634,HD 122676," ",G7 V," ",5435,4.31," ",1.0,f,-0.15," "," ",0.172,-4.962,"I ",1.8," ",,HIP 68634,210.7369,14.9753
393,69673,HD 124897," ",K0 III,*,4336,1.94," ",1.0,f,-0.57," ",K,,,"  ",," ",78,HIP 69673,213.9153,19.1824
410,72848,HD 131511," ",K0 V,*,5250,4.45,f,1.0,f,0.05," "," ",0.405,-4.51,"A ",3.6," ",81,HIP 72848,223.349,19.1528
409,72659,HD 131156," ",G7 V," ",5380,4.59," ",1.0,f,-0.33," "," ",0.382,-4.472,"A ",1.8," ",,HIP 72659,222.8474,19.1005
376,67090,BD+18 2776," ",M1- V," ",,," ",," ",," "," ",,,"  ",," ",,HIP 67090,206.2712,17.7854
383,67904,HD 121320," ",G5 V," ",5526,4.5," ",1.0,f,-0.31," "," ",0.195,-4.837,"I ",3.6," ",,HIP 67904,208.6175,20.6418
384,68337,HD 122120," ",K5 V," ",,," ",," ",," "," ",0.659,-4.731,"A ",3.6," ",,HIP 68337,209.8308,22.8698
417,73996,HD 134083," ",F5 V," ",6540,4.11," ",1.6," ",-0.08," "," ",,,"  ",," ",,HIP 73996,226.8253,24.8692
411,72896," "," ",M3 V," ",,," ",," ",," "," ",,,"  ",," ",,HIP 72896,223.4645,23.5558
424,74893,HD 136176," ",G0 V Fe-0.7," ",5932,4.38," ",1.0,f,-0.25," "," ",0.179,-4.846,"I ",3.6," ",,HIP 74893,229.5844,26.8404
430,75695,HD 137909," ",A8 V: SrCrEu," ",7624,3.99," ",2.0," ",0.5," ",*,,,"  ",," ",83,HIP 75695,231.9572,29.1057
422,74666,HD 135722," ",G8 IV," ",4820,2.72," ",1.0,f,-0.5," ",K,0.148,-5.157,VI,1.8," ",,HIP 74666,228.8757,33.3148
407,72200,HD 130215," ",K1 V," ",,," ",," ",," "," ",0.349,-4.618,"A ",3.6," ",,HIP 72200,221.5128,27.5123
397,70218,BD+30 2512," ",K6 V," ",,," ",," ",," "," ",1.631,-4.516,"A ",3.6," ",,HIP 70218,215.4884,29.6296
403,71311,BD+34 2541," ",K6 V," ",,," ",," ",," "," ",1.169,-4.677,"A ",3.6," ",,HIP 71311,218.7409,33.7467
474,81348,HD 149957," ",K5 V," ",,," ",," ",," "," ",0.756,-4.736,"A ",3.6," ",,HIP 81348,249.2045,31.0968
477,82003,HD 151288," ",K7 V," ",,," ",," ",," "," ",1.396,-4.647,"A ",3.6," ",,HIP 82003,251.2765,33.5092
452,78241,HD 143291," ",G9 V," ",5356,4.61,f,1.0,f,-0.36," "," ",0.151,-5.08,"I ",3.6," ",,HIP 78241,239.6334,27.74
467,79837,HD 146946," ",F9 V," ",5854,4.21," ",1.0,f,-0.21," "," ",0.171,-4.905,"I ",1.8," ",,HIP 79837,244.4415,31.8044
454,78459,HD 143761," ",G0 V," ",5775,4.11," ",1.0,f,-0.22," "," ",0.146,-5.079,"I ",1.8," ",,HIP 78459,240.2611,33.3035
462,79607,HD 146361," ",G1 IV-V (k),*,,," ",," ",," "," ",0.924,-3.827,VA,1.8," ",89,HIP 79607,243.6702,33.8586
463,79607,HD 146362," ",G1 V,*,,," ",," ",," "," ",0.241,-4.655,"A ",1.8," ",89,HIP 79607,243.6702,33.8586
468,79862,HD 147044,*,G0 V," ",5849,4.29," ",1.0,f,-0.03," "," ",0.158,-4.999,"I ",1.8," ",,HIP 79862,244.5245,34.4828
496,85810,HD 159222,*,G1 V," ",5788,4.25," ",1.0,f,0.12," "," ",0.165,-4.962,"I ",1.8," ",,HIP 85810,263.0041,34.2711
495,85653,HD 159062," ",G9 V Fe-0.8," ",5364,4.46,f,1.0,f,-0.52," "," ",0.164,-5.001,"I ",1.8," ",,HIP 85653,262.5684,47.4022
486,84140,HD 155876," ",M3 V," ",,," ",," ",," "," ",,,"  ",," ",,HIP 84140,258.0329,45.666
447,77655,HD 142091," ",K0 III-IV," ",4789,3.21," ",1.0,f,-0.09," ",K,,,"  ",," ",,HIP 77655,237.808,35.6574
457,78913,HD 144872," ",K3 V," ",4782,4.65,f,1.0,f,-0.64," "," ",0.294,-4.804,"I ",3.6," ",,HIP 78913,241.6233,38.6322
456,78775,HD 144579," ",K0 V Fe-1.2," ",5280,4.5,f,1.0,f,-0.55," "," ",0.151,-5.076,"I ",3.6," ",,HIP 78775,241.2366,39.1565
469,80008,HD 147365," ",F4 V," ",6672,4.15," ",1.8," ",-0.09," ",*,,,"  ",," ",91,HIP 80008,244.9798,39.7086
449,77760,HD 142373," ",G0 V Fe-0.8...,*,5837,3.83," ",1.2," ",-0.45," "," ",0.151,-5.012,"I ",1.8," ",87,HIP 77760,238.1689,42.4515
459,79359,BD+43 2575," ",K3.5 V," ",,," ",," ",," "," ",0.507,-4.614,"A ",3.6," ",,HIP 79359,242.9501,43.1669
458,79248,HD 145675," ",K0 IV-V," ",4965,4.31,f,1.0,f,-0.05," "," ",0.152,-5.103,VI,3.6," ",,HIP 79248,242.6013,43.8176
439,76382,HD 139341," ",K1 V," ",,," ",," ",," "," ",0.155,-5.102,VI,3.6," ",,HIP 76382,234.0093,39.8025
438,76375,HD 139323," ",K2 IV-V," ",4891,4.41,f,1.0,f,0.0," "," ",0.162,-5.103,VI,3.6," ",,HIP 76375,233.9857,39.8311
429,75676,HD 138004," ",G2 III," ",5688,4.01," ",1.0,f,0.15," "," ",0.197,-4.825,"I ",3.6," ",,HIP 75676,231.9181,42.8814
481,83006,HD 153525," ",K3 V," ",4692,4.63,f,1.0,f,-0.55," "," ",0.542,-4.57,"A ",3.6," ",,HIP 83006,254.426,47.3621
482,83020,HD 153557," ",K3 V," ",4649,4.56,f,1.0,f,-0.83," "," ",0.584,-4.508,"A ",3.6," ",,HIP 83020,254.4716,47.3667
476,81633,HD 150748," ",K3 V," ",,," ",," ",," "," ",0.439,-4.639,"A ",3.6," ",,HIP 81633,250.1462,49.1665
504,87585,HD 163588," ",K2 III," ",4449,2.31," ",1.0,f,-0.01," ",K,,,"  ",," ",,HIP 87585,268.3822,56.8726
380,67422,HD 120476," ",K3.5 V," ",,," ",," ",," "," ",0.824,-4.552,"A ",3.6," ",,HIP 67422,207.2666,26.9799
382,67773,HD 121131," ",K0- V," ",,," ",," ",," "," ",0.135,-5.178,VI,3.6," ",,HIP 67773,208.2721,27.8068
392,69526,HD 124642," ",K3.5 V," ",,," ",," ",," "," ",0.889,-4.439,"A ",3.6," ",,HIP 69526,213.4878,30.2172
361,65343,HD 116495," ",M0 V," ",,," ",," ",," "," ",,,"  ",," ",,HIP 65343,200.8866,29.2375
354,63636,HD 113319," ",G4 V," ",5632,4.45," ",1.0,f,-0.12," "," ",0.311,-4.503,"A ",3.6," ",,HIP 63636,195.6394,32.4333
369,66193,HD 118096," ",K4 V," ",,," ",," ",," "," ",0.633,-4.62,"A ",3.6," ",,HIP 66193,203.5135,33.2284
402,71193,HD 128041," ",G8 V," ",5300,4.24," ",1.0,f,-0.28," "," ",0.152,-5.069,"I ",1.8," ",,HIP 71193,218.4013,35.5857
400,70950,HD 127506," ",K3.5 V," ",4626,4.7,f,1.0,f,-0.4," "," ",0.442,-4.706,"A ",3.6," ",,HIP 70950,217.6874,35.4538
399,70873,HD 127334,*,G5 V CH0.3," ",5522,4.11," ",1.0,f,-0.03," "," ",0.144,-5.118,VI,1.8," ",,HIP 70873,217.4034,41.7959
394,69732,HD 125162," ",A3 Va {lambda} Boo...,*,8512,3.95," ",2.0,f,-1.86," ",*,,,"  ",," ",79,HIP 69732,214.0959,46.0883
391,69518,HD 124694," ",F8 V," ",6188,4.68," ",1.0,f,0.04," "," ",0.279,-4.487,"A ",3.6," ",,HIP 69518,213.4639,46.3252
379,67301,HD 120315," ",B3+ V," ",16494,4.17," ",2.0,f,0.0,f,*,,,"  ",," ",76,HIP 67301,206.8852,49.3133
381,67691,HD 234078," ",K7 V," ",,," ",," ",," "," ",1.809,-4.551,"A ",3.6," ",,HIP 67691,208.0,49.9509
346,63121,HD 112412," ",F2 V," ",6969,4.17," ",2.0," ",-0.13," "," ",,,"  ",," ",,HIP 63121,194.0019,38.3149
347,63125,HD 112413," ",A0 II-IIIp SiEuCr," ",,," ",," ",," "," ",,,"  ",," ",,HIP 63125,194.0069,38.3184
342,62207,HD 110897," ",F9 V Fe-0.3," ",5907,4.31," ",1.1," ",-0.44," "," ",0.172,-4.869,"I ",1.8," ",,HIP 62207,191.2475,39.2789
350,63406,HD 112914," ",K3- V," ",,," ",," ",," "," ",0.179,-5.043,"I ",3.6," ",,HIP 63406,194.8866,41.9868
338,61317,HD 109358," ",G0 V," ",5818,4.27," ",1.0,f,-0.22," "," ",0.193,-4.792,"I ",3.6," ",,HIP 61317,188.4356,41.3575
327,59280,HD 105631," ",G9 V," ",,," ",," ",," "," ",0.245,-4.744,"A ",3.6," ",,HIP 59280,182.4052,40.2521
367,65775,HD 117378," ",F9.5 V+," ",5949,4.29," ",1.8," ",-0.18," "," ",0.292,-4.492,"A ",1.8," ",,HIP 65775,202.2637,42.2383
360,65026,HD 115953," ",M2 V," ",,," ",," ",," "," ",,,"  ",," ",,HIP 65026,199.9402,47.778
374,66704,HD 119124," ",F8 V," ",6156,4.38," ",2.0," ",-0.2," "," ",0.339,-4.371,"A ",1.8," ",,HIP 66704,205.0968,50.5194
364,65378,HD 116656," ",A1.5 Vas," ",9330,3.88," ",2.0," ",0.16," "," ",,,"  ",," ",,HIP 65378,200.9814,54.9254
365,65477,HD 116842," ",A6 Vnn," ",7955,3.88," ",2.0,f,0.0," ",*,,,"  ",," ",73,HIP 65477,201.3064,54.988
366,65515,HD 116956," ",G9 V," ",5317,4.48," ",1.0,f,-0.08," "," ",0.422,-4.447,"A ",3.6," ",,HIP 65515,201.4397,56.9705
336,61053,HD 108954,*,F9 V," ",6052,4.41," ",1.4," ",-0.09," "," ",0.165,-4.921,"I ",1.8," ",,HIP 61053,187.7089,53.0766
332,59774,HD 106591," ",A2 Vn," ",8613,3.7," ",2.0,f,-0.03," ",*,,,"  ",," ",67,HIP 59774,183.8565,57.0326
345,62956,HD 112185," ",A1 III-IVp kB9," ",9020,3.23," ",2.0,f,0.0,f,*,,,"  ",," ",70,HIP 62956,193.5073,55.9598
352,63503,HD 113139," ",F2 V," ",6829,3.94," ",2.3," ",-0.1," ",*,,,"  ",," ",72,HIP 63503,195.1821,56.3663
413,73100,HD 132254,*,F8- V," ",6200,3.79," ",1.5," ",-0.02," "," ",0.146,-5.03,"I ",1.8," ",,HIP 73100,224.096,49.6284
428,75458,HD 137759," ",K2 III," ",4526,2.64," ",1.0,f,0.11," ",K,,,"  ",," ",,HIP 75458,231.2324,58.9661
470,80331,HD 148387," ",G8 III-IV," ",4941,3.33," ",1.0,f,-0.31," ",K,,,"  ",," ",,HIP 80331,245.9979,61.5142
421,74605,HD 136064,*,F8 V," ",6152,3.93," ",1.4," ",0.06," "," ",0.139,-5.105,VI,1.8," ",,HIP 74605,228.6597,67.3467
405,71631,HD 129333," ",G5 V Fe-0.7...,*,5765,4.61," ",1.0,f,-0.04," "," ",0.613,-4.106,VA,3.6," ",80,HIP 71631,219.7509,64.2917
388,69400,HD 124752," ",K0- V,*,,," ",," ",," "," ",0.204,-4.873,"I ",3.6," ",77,HIP 69400,213.1127,67.5862
389,69400,BD+68 771B," ",M2 V,*,,," ",," ",," "," ",,,"  ",," ",,HIP 69400,213.1127,67.5862
348,63076,HD 112429," ",F1 V mA7(n),*,7129,4.01," ",1.9," ",-0.14," ",*,,,"  ",," ",71,HIP 63076,193.869,65.4385
328,59504,HD 106112," ",kA6hF0mF0 (III),*,,," ",," ",," "," ",,,"  ",," ",66,HIP 59504,183.0498,77.6162
433,75809,HD 139777," ",G1.5 V(n)," ",5703,4.55," ",1.0,f,-0.05," "," ",0.371,-4.405,"A ",3.6," ",,HIP 75809,232.2966,80.4486
573,101955,HD 196795," ",K5 V," ",,," ",," ",," "," ",1.079,-4.647,"A ",3.6," ",,HIP 101955,309.9071,4.972
588,104092,HD 200779," ",K6 V," ",,," ",," ",," "," ",0.673,-4.657,"A ",3.6," ",,HIP 104092,316.3323,7.0693
595,105038,HD 202575," ",K3 V," ",4598,4.66,f,1.0,f,-0.68," "," ",0.643,-4.522,"A ",3.6," ",,HIP 105038,319.1353,9.3938
593,104858,HD 202275," ",F7 V," ",6238,4.05," ",1.5," ",-0.07," "," ",0.16,-4.905,"I ",1.8," ",,HIP 104858,318.6201,10.007
584,103256,BD+12 4499," ",K4 V," ",,," ",," ",," "," ",0.364,-4.824,"I ",3.6," ",,HIP 103256,313.7786,13.1768
606,107350,HD 206860," ",G0 IV-V,*,5917,4.5," ",1.3," ",-0.12," "," ",0.309,-4.456,"A ",1.8," ",111,HIP 107350,326.1305,14.7719
608,108028,HD 208038," ",K2.5 V," ",,," ",," ",," "," ",0.456,-4.569,"A ",3.6," ",,HIP 108028,328.2723,20.9305
602,106897,HD 206043," ",F1 V(n)," ",7145,3.93," ",2.3," ",-0.13," ",*,,,"  ",," ",110,HIP 106897,324.755,20.2655
591,104659,HD 201891," ",G5 V Fe-2.5...,*,6000,4.5," ",1.0,f,-0.91," "," ",,,"  ",," ",107,HIP 104659,317.996,17.7277
600,106231,BD+22 4409," ",K3 V ke,*,,," ",," ",," "," ",2.886,-3.906,VA,3.6," ",109,HIP 106231,322.7571,23.3354
603,107070,HD 206374," ",G6.5 V," ",5506,4.51," ",1.0,f,-0.17," "," ",0.185,-4.883,"I ",3.6," ",,HIP 107070,325.2758,26.7507
601,106811,BD+27 4120," ",M0.5+ V," ",,," ",," ",," "," ",,,"  ",," ",,HIP 106811,324.5016,27.7237
604,107310,HD 206826," ",F6 V," ",6309,3.86," ",1.6," ",-0.22," "," ",0.181,-4.783,"I ",1.8," ",,HIP 107310,326.0357,28.7426
568,100511,HD 194012," ",F7 V," ",6250,4.22," ",1.5," ",-0.15," "," ",0.222,-4.632,"A ",1.8," ",,HIP 100511,305.7182,14.5511
553,98677,HD 190067," ",K0 V Fe-0.9," ",5371,4.5,f,1.0,f,-0.62," "," ",0.169,-4.964,"I ",3.6," ",,HIP 98677,300.6423,15.5921
563,99452,HD 191785," ",K0 V," ",,," ",," ",," "," ",0.151,-5.093,"I ",3.6," ",,HIP 99452,302.7753,16.188
561,99316,HD 191499," ",G9 V," ",,," ",," ",," "," ",0.153,-5.076,"I ",3.6," ",,HIP 99316,302.3929,16.8058
574,102040,HD 197076,*,G1 V," ",5842,4.34," ",1.0,f,-0.02," "," ",0.166,-4.946,"I ",1.8," ",,HIP 102040,310.1881,19.9355
575,102226,HD 197396," ",K2.5 V," ",,," ",," ",," "," ",0.151,-5.112,VI,3.6," ",,HIP 102226,310.7057,20.8446
557,98819,HD 190406," ",G0 V," ",5824,4.32," ",1.0,f,-0.04," "," ",0.182,-4.846,"I ",1.8," ",,HIP 98819,301.0259,17.0702
552,98505,HD 189733," ",K2 V," ",4939,4.53,f,1.0,f,-0.37," "," ",0.459,-4.553,"A ",1.8," ",,HIP 98505,300.1821,22.7109
556,98792,HD 190404," ",K1 V," ",5151,4.63,f,1.0,f,-0.62," "," ",0.136,-5.173,VI,3.6," ",,HIP 98792,300.9672,23.3407
558,98828,HD 190470," ",K2.5 V," ",4968,4.5,f,1.0,f,-0.16," "," ",0.258,-4.828,"I ",3.6," ",,HIP 98828,301.0419,25.7902
592,104733,HD 202108," ",G3 V," ",5665,4.38," ",1.0,f,-0.3," "," ",0.214,-4.757,"I ",1.8," ",,HIP 104733,318.2402,30.8095
582,,HD 335248," ",G8 IV,*,,," ",," ",," "," ",,,"  ",," ",106,HD 335248,312.549,29.3753
581,102851,HD 198550," ",K4 V," ",,," ",," ",," "," ",0.785,-4.509,"A ",3.6," ",,HIP 102851,312.544,29.3841
580,102766,HD 198425," ",K2.5 V," ",,," ",," ",," "," ",0.329,-4.726,"A ",3.6," ",,HIP 102766,312.3176,32.2848
569,101262,BD+33 3936," ",K4 V," ",,," ",," ",," "," ",,,"  ",," ",,HIP 101262,307.8836,33.7759
578,102488,HD 197989," ",K0 III-IV," ",4799,2.39," ",1.0,f,-0.24," ",K,,,"  ",," ",,HIP 102488,311.5528,33.9703
590,104217,HD 201092," ",K7 V," ",,," ",," ",," "," ",0.978,-4.864,"I ",1.8," ",,HIP 104217,316.7303,38.7421
589,104214,HD 201091," ",K5 V," ",,," ",," ",," "," ",0.7,-4.704,"A ",1.8," ",,HIP 104214,316.7248,38.7494
627,112800," "," ",M2+ V," ",,," ",," ",," "," ",,,"  ",," ",,HIP 112800,342.6571,34.8561
610,108706," "," ",M4.5 V kee," ",,," ",," ",," "," ",,,"  ",," ",112,HIP 108706,330.3046,28.3069
609,108156,HD 208313," ",K2 V," ",,," ",," ",," "," ",0.189,-4.987,"I ",3.6," ",,HIP 108156,328.6877,32.3286
613,109527,HD 210667," ",G9 V," ",,," ",," ",," "," ",0.297,-4.647,"A ",3.6," ",,HIP 109527,332.7996,36.2563
642,114886,HD 219538," ",K2 V," ",5001,4.52,f,1.0,f,-0.37," "," ",0.194,-4.944,"I ",3.6," ",,HIP 114886,349.0757,30.6702
639,114456,HD 218868," ",G8 V," ",,," ",," ",," "," ",0.158,-5.036,"I ",3.6," ",,HIP 114456,347.7087,45.5123
645,115331,HD 220182," ",G9 V," ",5337,4.5," ",1.0,f,-0.09," "," ",0.38,-4.503,"A ",3.6," ",,HIP 115331,350.4021,44.0979
646,115341,HD 220221," ",K3 V  (k)," ",,," ",," ",," "," ",0.5,-4.694,"A ",3.6," ",,HIP 115341,350.4352,45.1761
653,116613,HD 222143," ",G3 V  (k)," ",5763,4.33," ",1.0,f,-0.06," "," ",0.288,-4.555,"A ",1.8," ",,HIP 116613,354.4937,46.1994
652,116584,HD 222107," ",G8 IV k,*,4636,2.79," ",1.0,f,-0.44," ",K,0.712,-4.476,"A ",1.8," ",118,HIP 116584,354.391,46.4582
663,118162,HD 224465," ",G4 V," ",5664,4.22," ",1.0,f,-0.12," "," ",0.167,-4.969,"I ",1.8," ",,HIP 118162,359.5284,50.4477
638,114385,HD 218739," ",G1 V," ",5788,4.41," ",1.0,f,0.06," "," ",0.285,-4.557,"A ",1.8," ",,HIP 114385,347.4953,47.9594
637,114379,HD 218738," ",K2 V k,*,4932,4.43,f,1.0,f,-0.53," "," ",1.18,-4.076,VA,3.6," ",116,HIP 114379,347.489,47.9584
605,107346,BD+40 4631," ",K8 V," ",,," ",," ",," "," ",1.721,-4.588,"A ",3.6," ",,HIP 107346,326.1248,41.5975
594,104887,HD 202444," ",F2+ V," ",6621,3.54," ",1.9," ",-0.2," "," ",,,"  ",," ",,HIP 104887,318.6979,38.0453
598,105406,HD 203454," ",F8 V," ",6051,4.16," ",1.0,f,-0.26," "," ",0.351,-4.344,"A ",1.8," ",,HIP 105406,320.2559,40.3451
607,107376,BD+43 4035," ",M2+ V," ",,," ",," ",," "," ",,,"  ",," ",,HIP 107376,326.225,44.2858
640,114570,HD 219080," ",F1 V," ",7176,3.93," ",2.7," ",-0.22," "," ",,,"  ",," ",,HIP 114570,348.1375,49.4062
614,109926,HD 211472," ",K0 V," ",5304,4.51,f,1.0,f,0.0," "," ",0.362,-4.538,"A ",3.6," ",,HIP 109926,333.9756,54.6729
629,112915,HD 216448," ",K3 V," ",,," ",," ",," "," ",0.463,-4.699,"A ",3.6," ",,HIP 112915,343.0023,57.7169
641,114622,HD 219134," ",K3 V," ",4798,4.55,f,1.0,f,-0.09," "," ",0.182,-5.089,"I ",3.6," ",,HIP 114622,348.3207,57.1684
649,116085,HD 221354," ",K0 V," ",5277,4.43,f,1.0,f,0.0," "," ",0.14,-5.149,VI,3.6," ",,HIP 116085,352.8425,59.1655
538,96183,HD 184385," ",G8 V," ",5400,4.41," ",1.0,f,-0.1," "," ",0.229,-4.751,"I ",1.8," ",,HIP 96183,293.3565,21.8403
546,97420,HD 187237," ",G2 IV-V," ",5788,4.61," ",1.0,f,0.06," "," ",0.184,-4.871,"I ",1.8," ",,HIP 97420,297.0037,27.8695
555,98767,HD 190360," ",G7 IV-V," ",5490,4.04," ",1.0,f,0.18," "," ",0.148,-5.095,"I ",1.8," ",,HIP 98767,300.9059,29.8968
550,98192,HD 189087," ",G9 V," ",5270,4.58," ",1.0,f,-0.3," "," ",0.249,-4.741,"A ",3.6," ",,HIP 98192,299.3059,29.824
544,97223,HD 332518," ",K5 V," ",,," ",," ",," "," ",0.737,-4.714,"A ",3.6," ",,HIP 97223,296.3984,30.0102
543,97222,HD 186858," ",K3+ V," ",,," ",," ",," "," ",0.386,-4.726,"A ",3.6," ",,HIP 97222,296.3897,33.602
545,97295,HD 187013," ",F5.5 IV-V," ",6401,3.97," ",1.6," ",-0.06," "," ",0.156,-4.92,"I ",1.8," ",,HIP 97295,296.6067,33.7276
525,93185,HD 176377," ",G1 V," ",5817,4.57," ",1.0,f,-0.26," "," ",0.179,-4.868,"I ",1.8," ",,HIP 93185,284.7125,30.1806
534,95319,HD 182488," ",G9+ V," ",5352,4.43," ",1.0,f,-0.08," "," ",0.153,-5.074,"I ",3.6," ",,HIP 95319,290.8917,33.222
533,94981,HD 181655,*,G5 V," ",5617,4.39," ",1.0,f,-0.01," "," ",0.157,-5.026,"I ",3.6," ",,HIP 94981,289.9125,37.3305
560,99031,HD 191026," ",K0 IV," ",4966,3.76," ",1.0,f,-0.44," "," ",0.18,-4.976,"I ",3.6," ",,HIP 99031,301.5907,35.9725
559,98921,HD 190771," ",G2 V," ",5732,4.43," ",1.0,f,-0.01," "," ",0.308,-4.501,"A ",1.8," ",,HIP 98921,301.2908,38.4785
572,101875,HD 196850," ",G1 V," ",5792,4.3," ",1.0,f,-0.12," "," ",0.158,-4.987,"I ",1.8," ",,HIP 101875,309.6675,38.6351
571,101382,HD 195987," ",G9 V," ",,," ",," ",," "," ",0.169,-4.999,"I ",3.6," ",,HIP 101382,308.2152,41.8985
524,91605,BD+31 3330," ",K2.5 V," ",4852,4.69,f,1.0,f,-0.68," "," ",0.203,-4.909,"I ",3.6," ",,HIP 91605,280.2287,31.5331
523,91262,HD 172167," ",A0 Va," ",9519,3.88," ",2.0,f,-0.43," ",*,,,"  ",," ",101,HIP 91262,279.2347,38.7837
517,89474,HD 168009,*,G1 V," ",5733,4.19," ",1.0,f,-0.07," "," ",0.154,-5.033,"I ",1.8," ",,HIP 89474,273.8853,45.2093
516,89087,BD+49 2743," ",K6 V," ",,," ",," ",," "," ",1.528,-4.544,"A ",3.6," ",,HIP 89087,272.7345,49.9711
535,95575,HD 183255," ",K2.5 V,*,4736,4.45,f,1.0,f,-0.68," "," ",0.157,-5.109,VI,3.6," ",104,HIP 95575,291.6083,49.4653
530,94336,HD 179957," ",G3 V," ",,," ",," ",," "," ",0.148,-5.079,"I ",1.8," ",,HIP 94336,288.021,49.8558
531,94336,HD 179958," ",G2 V," ",,," ",," ",," "," ",0.15,-5.067,"I ",1.8," ",,HIP 94336,288.021,49.8558
540,96441,HD 185395," ",F3+ V," ",6747,4.21," ",2.0," ",-0.04," "," ",,,"  ",," ",,HIP 96441,294.1129,50.2194
541,96895,HD 186408,*,G1.5 V," ",5788,4.21," ",1.0,f,0.14," "," ",0.158,-5.003,"I ",1.8," ",,HIP 96895,295.454,50.5251
542,96901,HD 186427," ",G3 V," ",5639,4.26," ",1.0,f,-0.12," "," ",0.161,-4.992,"I ",1.8," ",,HIP 96901,295.4665,50.5175
522,91009,HD 234677," ",K4 V ke,*,,," ",," ",," "," ",3.714,-4.142,VA,3.6," ",100,HIP 91009,278.4824,51.7191
587,103859,HD 200560," ",K2.5 V," ",4801,4.52,f,1.0,f,-0.36," "," ",0.562,-4.512,"A ",3.6," ",,HIP 103859,315.6698,45.8848
583,102870,BD+52 2815," ",K7- V," ",,," ",," ",," "," ",1.112,-4.502,"A ",3.6," ",,HIP 102870,312.6378,52.8996
597,105199,HD 203280," ",A8 Vn," ",7773,3.45," ",2.0,f,0.09," ",*,,,"  ",," ",108,HIP 105199,319.6449,62.5856
577,102422,HD 198149," ",K0 IV," ",4940,3.27," ",1.0,f,-0.33," ",K,,,"  ",," ",,HIP 102422,311.3224,61.8388
616,110774," "," ",K5 V," ",,," ",," ",," "," ",0.838,-4.528,"A ",3.6," ",,HIP 110774,336.6362,63.8792
623,112245,HD 215500," ",G8 V," ",5310,4.4," ",1.0,f,-0.34," "," ",0.158,-5.029,"I ",3.6," ",,HIP 112245,341.0243,64.5707
615,109980,BD+67 1424," ",K5- V," ",,," ",," ",," "," ",1.05,-4.543,"A ",3.6," ",,HIP 109980,334.1324,68.3398
660,117712,HD 223778," ",K3 V," ",4715,4.46,f,1.0,f,-0.63," "," ",0.571,-4.518,"A ",3.6," ",,HIP 117712,358.1055,75.5446
536,95995,HD 184467," ",K2 V," ",5019,4.3,f,1.0,f,-0.34," "," ",0.163,-5.047,"I ",3.6," ",,HIP 95995,292.7832,58.586
567,100017,HD 193664,*,G0 V," ",5932,4.55," ",1.0,f,-0.08," "," ",0.167,-4.927,"I ",1.8," ",,HIP 100017,304.3805,66.8537
537,96100,HD 185144," ",G9 V," ",5210,4.58,f,1.0,f,-0.58," "," ",0.189,-4.919,"I ",1.8," ",,HIP 96100,293.09,69.6612
585,103650,BD+70 1157," ",K4 V," ",,," ",," ",," "," ",0.678,-4.653,"A ",3.6," ",,HIP 103650,315.0143,70.6687
579,102616," "," ",K7 V," ",,," ",," ",," "," ",1.433,-4.714,"A ",3.6," ",,HIP 102616,311.9205,70.934
599,105766,HD 204521," ",G0 V Fe-0.8," ",5765,4.3," ",1.0,f,-0.54," "," ",0.166,-4.946,"I ",1.8," ",,HIP 105766,321.32,70.4775
654,116727,HD 222404," ",K1 III," ",4761,3.21," ",1.0,f,0.07," ",K,,,"  ",," ",,HIP 116727,354.8369,77.6323
644,115147,HD 220140," ",K2 V k,*,5085,4.48,f,1.0,f,-0.18," "," ",1.15,-4.074,VA,3.6," ",117,HIP 115147,349.861,79.0035
562,99427,HD 193202," ",K7 V," ",,," ",," ",," "," ",1.107,-4.764,"I ",3.6," ",,HIP 99427,302.7184,77.239
625,112527,HD 216520," ",K0 V," ",,," ",," ",," "," ",0.155,-5.083,"I ",3.6," ",,HIP 112527,341.8828,83.697
9,1532,BD-10 47," ",M0 V," ",,," ",," ",," "," ",,,"  ",," ",,HIP 1532,4.7732,-9.9649
12,1692,HD 1690,*,K2 III," ",,," ",," ",," "," ",,,"  ",," ",,HIP 1692,5.3055,-8.2812
8,1499,HD 1461," ",G3 V," ",5700,4.31," ",1.0,f,0.07," "," ",0.151,-5.059,"I ",1.8," ",,HIP 1499,4.6744,-8.053
647,115445,HD 220339," ",K2.5 V," ",5027,4.59,f,1.0,f,-0.33," "," ",0.213,-4.896,"I ",3.6," ",,HIP 115445,350.7704,-10.7642
61,8497,HD 11171," ",F2 III-IV," ",7087,4.1," ",2.4," ",0.15," "," ",,,"  ",," ",,HIP 8497,27.3963,-10.6864
60,8486,HD 11131," ",G1 V (k)," ",5819,4.53," ",1.0,f,-0.02," "," ",0.298,-4.521,"A ",1.8," ",,HIP 8486,27.3473,-10.7036
30,4845,BD-11 192," ",M0 V," ",,," ",," ",," "," ",,,"  ",," ",,HIP 4845,15.588,-10.4239
25,3909,HD 4813," ",F7 V," ",6250,4.28," ",1.4," ",-0.06," "," ",0.183,-4.78,"I ",1.8," ",,HIP 3909,12.5316,-10.6443
40,5799,HD 7439," ",F5 V," ",6465,3.99," ",1.5," ",-0.22," "," ",0.181,-4.754,"I ",1.8," ",,HIP 5799,18.6002,-7.9228
47,7576,HD 10008," ",G9 V k," ",5272,4.5," ",1.0,f,-0.03," "," ",0.361,-4.53,"A ",3.6," ",,HIP 7576,24.3978,-6.7604
75,11000,HD 14635," ",K4- V," ",,," ",," ",," "," ",0.687,-4.584,"A ",3.6," ",,HIP 11000,35.4351,-6.8795
72,10416,HD 13789," ",K3.5 V," ",,," ",," ",," "," ",0.704,-4.527,"A ",3.6," ",,HIP 10416,33.5565,-3.6352
78,12158,HD 16287," ",K2.5 V (k)," ",4917,4.5,f,1.0,f,-0.12," "," ",0.523,-4.504,"A ",3.6," ",,HIP 12158,39.174,-3.1561
80,12530,HD 16765," ",F7 V," ",6326,4.33," ",1.7," ",-0.15," "," ",0.314,-4.4,"A ",1.8," ",,HIP 12530,40.3083,-0.6957
82,12706,HD 16970," ",A2 Vn," ",8673,3.96," ",2.0,f,0.0," ",*,,,"  ",," ",11,HIP 12706,40.8252,3.2358
49,7646," "," ",M2.5 V," ",,," ",," ",," "," ",,,"  ",," ",,HIP 7646,24.6247,0.6516
74,10723,HD 14214," ",G0 IV-," ",5958,3.98," ",1.6," ",0.01," "," ",0.14,-5.114,VI,1.8," ",,HIP 10723,34.506,1.7578
76,11452,HD 15285," ",M1 V," ",,," ",," ",," "," ",,,"  ",," ",,HIP 11452,36.9411,4.4322
17,3203,HD 3821," ",G1 V  (k)," ",5785,4.4," ",1.0,f,-0.07," "," ",0.287,-4.525,"A ",1.8," ",,HIP 3203,10.1978,-7.2326
27,3979,HD 4915," ",G6 V," ",5608,4.51," ",1.0,f,-0.24," "," ",0.175,-4.915,"I ",3.6," ",,HIP 3979,12.7952,-5.0393
21,3757," "," ",M2.5 V," ",,," ",," ",," "," ",,,"  ",," ",,HIP 3757,12.0556,-5.1355
14,2762,HD 3196," ",F8.5 V,*,6067,4.35," ",1.9," ",-0.13," "," ",0.301,-4.461,"A ",1.8," ",3,HIP 2762,8.812,-3.5928
11,1663,HD 1651,*,kA7hA9mF0 III," ",,," ",," ",," "," ",,,"  ",," ",,HIP 1663,5.2074,-0.8711
20,3535,HD 4256," ",K3 IV-V," ",4801,4.43,f,1.0,f,0.0," "," ",0.192,-5.042,"I ",3.6," ",,HIP 3535,11.2704,1.7855
31,4849,HD 6101," ",K3 V," ",,," ",," ",," "," ",0.458,-4.661,"A ",3.6," ",,HIP 4849,15.6024,5.0614
22,3765,HD 4628," ",K2 V," ",4998,4.66,f,1.0,f,-0.43," "," ",0.159,-5.071,"I ",3.6," ",,HIP 3765,12.0957,5.2806
57,8275,HD 10853," ",K3.5 V," ",4529,4.74,f,1.0,f,-0.74," "," ",0.718,-4.503,"A ",3.6," ",,HIP 8275,26.6613,12.4118
48,7585,HD 9986,*,G2 V,*,5749,4.39," ",1.0,f,-0.03," "," ",0.168,-4.949,"I ",1.8," ",5,HIP 7585,24.4203,12.0784
52,7765,HD 10182,*,K2 III,*,,," ",," ",," "," ",,,"  ",," ",7,HIP 7765,24.9836,15.2594
51,7762,BD+14 253," ",K4.5 V,*,,," ",," ",," "," ",,,"  ",," ",6,HIP 7762,24.9787,15.2567
626,112774,HD 216133," ",M0.5- V," ",,," ",," ",," "," ",,,"  ",," ",,HIP 112774,342.5809,-7.0901
612,109378,HD 210277," ",G8 V," ",5365,4.09," ",1.0,f,0.05," "," ",0.146,-5.11,VI,1.8," ",,HIP 109378,332.3744,-7.5487
619,111170,HD 213429," ",F8 V," ",6001,4.1," ",1.5," ",-0.23," "," ",0.181,-4.827,"I ",1.8," ",,HIP 111170,337.8263,-6.5552
622,112190,HD 215152," ",K3 V," ",4823,4.55,f,1.0,f,-0.17," "," ",0.236,-4.925,"I ",3.6," ",,HIP 112190,340.8388,-6.4008
650,116106,HD 221356," ",F8 V," ",6140,4.37," ",1.3," ",-0.15," "," ",0.158,-4.944,"I ",1.8," ",,HIP 116106,352.8813,-4.0874
633,113718,HD 217580," ",K2.5 V," ",4942,4.56,f,1.0,f,-0.06," "," ",0.165,-5.088,"I ",3.6," ",,HIP 113718,345.4648,-3.8487
657,116928,HD 222603," ",A7 V," ",7742,3.83," ",2.0,f,-0.05," ",*,,,"  ",," ",119,HIP 116928,355.5117,1.78
632,113421,HD 217107," ",G8 IV-V," ",5450,4.05," ",1.0,f,0.17," "," ",0.146,-5.108,VI,1.8," ",,HIP 113421,344.5648,-2.3954
620,111571,HD 214100," ",M1 V," ",,," ",," ",," "," ",,,"  ",," ",,HIP 111571,339.0403,-0.8417
643,114941,BD+04 4988," ",M0 V," ",,," ",," ",," "," ",,,"  ",," ",,HIP 114941,349.216,5.696
596,105152,HD 202751," ",K3 V," ",4693,4.64,f,1.0,f,-0.47," "," ",0.171,-5.111,VI,3.6," ",,HIP 105152,319.5124,0.1616
618,110980," "," ",M1 V," ",,," ",," ",," "," ",,,"  ",," ",,HIP 110980,337.2744,1.6634
621,111888,HD 214683," ",K3 V," ",,," ",," ",," "," ",0.47,-4.554,"A ",3.6," ",,HIP 111888,339.9615,4.1161
630,112935,HD 216385," ",F6 V," ",6250,3.69," ",1.6," ",-0.32," "," ",0.153,-4.946,"I ",1.8," ",,HIP 112935,343.1003,9.8357
628,112870,HD 216259," ",K2.5 V,*,5036,4.7,f,1.0,f,-0.79," "," ",0.135,-5.178,VI,3.6," ",113,HIP 112870,342.8598,13.97
611,109117,HD 209845," ",kA3 hA5 mF2 (IV)," ",,," ",," ",," "," ",,,"  ",," ",,HIP 109117,331.5441,10.0935
617,110951," "," ",M1 V," ",,," ",," ",," "," ",,,"  ",," ",,HIP 110951,337.1914,18.9317
659,117463,HD 223374," ",K2.5 V," ",4956,4.53,f,1.0,f,-0.23," "," ",0.179,-5.033,"I ",1.8," ",,HIP 117463,357.2548,3.1812
664,118310,HD 224660," ",K4 V," ",,," ",," ",," "," ",0.912,-4.638,"A ",3.6," ",,HIP 118310,359.9491,6.6642
656,116869,BD+13 5158B,*,G8 V+," ",,," ",," ",," "," ",0.315,-5.023,"I ",3.6," ",,HIP 116869,355.3331,14.7772
23,3810,HD 4676," ",F8 V," ",6254,4.38," ",1.7," ",-0.03," "," ",0.158,-4.917,"I ",1.8," ",,HIP 3810,12.2446,16.9406
35,,HD 6440B," ",K8 V," ",,," ",," ",," "," ",1.623,,"  ",3.6," ",,HD 6440B,16.3741,15.3891
34,5110,HD 6440," ",K3.5 V," ",,," ",," ",," "," ",0.649,-4.802,"I ",3.6," ",,HIP 5110,16.3746,15.3901
43,6405,HD 8262," ",G2 V," ",5821,4.34," ",1.0,f,-0.13," "," ",0.154,-5.03,"I ",1.8," ",,HIP 6405,20.5745,18.6827
44,6706,HD 8723," ",F2 V," ",6690,4.12," ",1.6," ",-0.26," "," ",,,"  ",," ",,HIP 6706,21.5636,19.1723
28,3998,HD 4913," ",K6- V," ",,," ",," ",," "," ",0.704,-4.75,"I ",3.6," ",,HIP 3998,12.8406,18.7393
37,5286,HD 6660," ",K4 V," ",,," ",," ",," "," ",0.549,-4.747,"A ",3.6," ",,HIP 5286,16.9078,22.955
16,3093,HD 3651," ",K0 V," ",5280,4.43,f,1.0,f,0.09," "," ",0.153,-5.087,"I ",1.8," ",,HIP 3093,9.8409,21.2505
26,3937," "," ",M3 V kee," ",,," ",," ",," "," ",,,"  ",," ",4,HIP 3937,12.6385,24.8167
636,114378,HD 218687," ",G0- V  (k)," ",5858,4.31," ",1.0,f,-0.37," "," ",0.382,-4.345,"A ",1.8," ",,HIP 114378,347.4879,14.4266
658,117042,HD 222788,*,F3 V," ",,," ",," ",," "," ",,,"  ",," ",,HIP 117042,355.8946,19.1299
655,116838,HD 222474," ",K3.5 V," ",,," ",," ",," "," ",0.492,-4.779,"I ",3.6," ",,HIP 116838,355.2144,20.3659
635,114189,HD 218396," ",F0+ V ({lambda} Boo)...,*,7424,4.22," ",2.0," ",-0.5," "," ",,,"  ",," ",115,HIP 114189,346.8696,21.1343
634,113829,HD 217813," ",G1 V,*,5861,4.41," ",1.0,f,-0.03," "," ",0.269,-4.567,"A ",1.8," ",114,HIP 113829,345.7707,20.9186
624,112496,BD+17 4808," ",K3.5 V k," ",,," ",," ",," "," ",0.708,-4.524,"A ",1.8," ",,HIP 112496,341.8067,18.3845
631,113357,HD 217014," ",G3 V," ",5717,4.22," ",1.0,f,0.1," "," ",0.15,-5.071,"I ",1.8," ",,HIP 113357,344.3666,20.7688
662,117946,HD 224129," ",K3 V," ",,," ",," ",," "," ",0.726,-4.467,"A ",3.6," ",,HIP 117946,358.8608,22.1933
2,400,HD 225261," ",G9 V," ",5250,4.4," ",1.0,f,-0.43," "," ",0.148,-5.094,"I ",3.6," ",,HIP 400,1.2347,23.2696
1,171,HD 224930," ",G5 V Fe-1," ",5502,4.27," ",1.0,f,-0.64," "," ",0.183,-4.88,"I ",1.8," ",,HIP 171,0.5423,27.0823
7,974,BD+26 8," ",K3 V," ",,," ",," ",," "," ",0.392,-4.775,"I ",3.6," ",,HIP 974,3.0168,27.099
15,3092,HD 3627," ",K3 III," ",4392,1.87," ",1.0,f,-0.03," ",K,,,"  ",," ",,HIP 3092,9.832,30.861
5,677,HD 358," ",B8 IV-V Hg Mn," ",13098,3.91," ",2.0,f,0.0,f,*,,,"  ",," ",2,HIP 677,2.0969,29.0904
4,544,HD 166," ",G8 V," ",5412,4.41," ",1.0,f,0.07," "," ",0.379,-4.458,"A ",3.6," ",,HIP 544,1.6533,29.0215
661,117779,BD+28 4660," ",K6 V," ",,," ",," ",," "," ",2.024,-4.564,"A ",3.6," ",,HIP 117779,358.2858,29.0181
648,116005,HD 221239," ",K2.5 V," ",4941,4.56,f,1.0,f,-0.46," "," ",0.265,-4.783,"I ",3.6," ",,HIP 116005,352.5572,31.7058
651,116416,HD 221851," ",K1 V," ",5148,4.53,f,1.0,f,-0.42," "," ",0.266,-4.735,"A ",1.8," ",,HIP 116416,353.8567,31.1613
195,32349,HD 48915," ",A0mA1 Va," ",9580,4.2," ",2.0,f,0.3," ",*,,,"  ",," ",43,HIP 32349,101.2872,-16.7161
173,28267,HD 40397," ",G7 V," ",5491,4.41," ",1.0,f,-0.15," "," ",0.153,-5.059,"I ",1.8," ",,HIP 28267,89.5897,-4.6507
170,27435,HD 38858," ",G2 V," ",5744,4.54," ",1.0,f,-0.18," "," ",0.164,-4.968,"I ",1.8," ",,HIP 27435,87.1456,-4.0946
215,35139,HD 56274," ",G5 V Fe-1," ",5803,4.52," ",1.0,f,-0.47," "," ",0.194,-4.801,"I ",3.6," ",,HIP 35139,108.9616,-13.0495
209,33955,HD 52919," ",K4 V," ",,," ",," ",," "," ",0.484,-4.74,"A ",3.6," ",,HIP 33955,105.6788,-6.7992
224,36827,HD 60491," ",K2.5 V," ",,," ",," ",," "," ",0.42,-4.559,"A ",3.6," ",,HIP 36827,113.609,-6.8967
228,,HD 61606B," ",K7 V," ",,," ",," ",," "," ",1.881,,"  ",3.6," ",,HD 61606B,115.012,-3.6037
227,37349,HD 61606," ",K3- V," ",4908,4.51,f,1.0,f,-0.01," "," ",0.443,-4.521,"A ",3.6," ",,HIP 37349,114.9972,-3.5975
249,41307,HD 71155," ",A0 Va," ",9556,3.95," ",2.0,f,-0.44," ",*,,,"  ",," ",49,HIP 41307,126.4151,-3.9064
251,42074,HD 72760," ",K0- V," ",5266,4.45,f,1.0,f,-0.09," "," ",0.409,-4.454,"A ",3.6," ",,HIP 42074,128.6319,-0.7261
234,38625,HD 64606," ",K0 V Fe-1.5," ",5343,4.59,f,1.0,f,-0.89," "," ",0.164,-5.002,"I ",3.6," ",,HIP 38625,118.6424,-1.4123
236,38931,HD 65277," ",K3+ V," ",4498,4.64,f,1.0,f,-0.85," "," ",0.23,-5.049,"I ",3.6," ",,HIP 38931,119.4908,-0.8144
203,32984,HD 50281," ",K3.5 V," ",4572,4.65,f,1.0,f,-0.59," "," ",0.565,-4.655,"A ",3.6," ",,HIP 32984,103.0752,-5.1737
187,30545,HD 45067,*,F8 V," ",6026,4.07," ",1.3," ",-0.08," "," ",0.142,-5.081,"I ",1.8," ",,HIP 30545,96.3189,-0.9459
185,30419,HD 44769," ",A8 V(n)," ",7732,3.69," ",2.0,f,-0.02," ",*,,,"  ",," ",38,HIP 30419,95.942,4.5929
186,30422,HD 44770," ",F5 V," ",,," ",," ",," "," ",0.228,-4.576,"A ",1.8," ",,HIP 30422,95.9438,4.5958
192,31246,HD 46375," ",K0 V," ",5229,4.31,f,1.0,f,0.2," "," ",0.157,-5.074,"I ",3.6," ",,HIP 31246,98.3026,5.4629
226,37279,HD 61421," ",F5 IV-V," ",6629,4.05," ",2.2," ",-0.05," "," ",0.205,-4.631,"A ",1.8," ",,HIP 37279,114.8255,5.225
220,35872,HD 57901," ",K3- V," ",4824,4.47," ",1.0,f,0.0," "," ",0.155,-5.135,VI,3.6," ",,HIP 35872,110.9461,12.9647
145,22336,HD 30562," ",G2 IV," ",5825,3.92," ",1.7," ",0.0," "," ",0.14,-5.136,VI,1.8," ",,HIP 22336,72.1516,-5.674
132,19849,HD 26965," ",K1 V," ",5216,4.5,f,1.0,f,-0.28," "," ",0.162,-5.037,"I ",3.6," ",,HIP 19849,63.818,-7.6529
131,19832,BD-04 782," ",K5+ V," ",,," ",," ",," "," ",0.961,-4.648,"A ",3.6," ",,HIP 19832,63.7897,-4.4183
164,25623,HD 36003," ",K5 V," ",,," ",," ",," "," ",0.288,-5.018,"I ",3.6," ",,HIP 25623,82.1087,-3.4996
148,23311,HD 32147," ",K3+ V," ",4740,4.52,f,1.0,f,0.16," "," ",0.226,-5.057,"I ",3.6," ",,HIP 23311,75.2042,-5.7537
152,23875,HD 33111," ",A3 IV," ",8377,3.29," ",2.0,f,0.08," ",*,,,"  ",," ",29,HIP 23875,76.9624,-5.0864
153,23941,HD 33256," ",F5.5 V kF4mF2,*,6411,3.87," ",1.5," ",-0.3," "," ",0.18,-4.767,"I ",1.8," ",30,HIP 23941,77.1821,-4.4562
158,24819,HD 34673," ",K3 V," ",,," ",," ",," "," ",0.404,-4.776,"I ",3.6," ",,HIP 24819,79.8027,-3.0738
155,24454,HD 290054," ",K5.5 V," ",,," ",," ",," "," ",0.544,-4.863,"I ",3.6," ",,HIP 24454,78.7006,0.662
160,25119,HD 35112," ",K2.5 V," ",4800,4.52,f,1.0,f,-0.57," "," ",0.265,-4.879,"I ",3.6," ",,HIP 25119,80.6562,2.6032
115,17695," "," ",M2.5 V kee,*,,," ",," ",," "," ",,,"  ",," ",18,HIP 17695,56.8473,-1.9722
123,18512,HD 24916," ",K4 V," ",,," ",," ",," "," ",0.882,-4.522,"A ",3.6," ",,HIP 18512,59.3696,-1.1595
124,,HD 24916B," ",M2.5 V kee,*,,," ",," ",," "," ",,,"  ",," ",20,HD 24916B,59.3704,-1.1564
125,18859,HD 25457," ",F7 V," ",6308,4.38," ",2.0," ",-0.07," "," ",0.381,-4.291,"A ",1.8," ",,HIP 18859,60.6531,-0.2689
103,15442,HD 20619," ",G2 V," ",5666,4.5," ",1.0,f,-0.25," "," ",0.195,-4.819,"I ",1.8," ",,HIP 15442,49.7579,-2.8432
100,14954,HD 19994,*,F8.5 V," ",6088,3.92," ",1.7," ",0.05," "," ",0.16,-4.95,"I ",1.8," ",,HIP 14954,48.1935,-1.1961
138,21272,HD 28946," ",G9 V," ",5369,4.55," ",1.0,f,0.0," "," ",0.177,-4.956,"I ",3.6," ",,HIP 21272,68.46,5.385
134,19859,HD 26923," ",G0 IV-V,*,6047,4.6," ",1.2," ",0.02," "," ",0.26,-4.555,"A ",1.8," ",25,HIP 19859,63.87,6.1869
133,19855,HD 26913," ",G6 V,*,5579,4.56," ",1.0,f,-0.07," "," ",0.349,-4.448,"A ",1.8," ",24,HIP 19855,63.8574,6.1997
147,22845,HD 31295," ",A3 Va {lambda} Boo...,*,8611,4.15," ",2.0,f,-1.24," ",*,,,"  ",," ",28,HIP 22845,73.7239,10.1508
139,21421,HD 29139," ",K5 III," ",,," ",," ",," "," ",,,"  ",," ",,HIP 21421,68.9802,16.5093
172,27918,HD 39715," ",K3 V," ",4604,4.62,f,1.0,f,-0.57," "," ",0.35,-4.785,"I ",3.6," ",,HIP 27918,88.6191,2.1422
183,29860,HD 43587," ",G0 V," ",5864,4.26," ",1.0,f,-0.03," "," ",0.158,-4.993,"I ",1.8," ",,HIP 29860,94.3172,5.1001
178,29432,HD 42618," ",G3 V," ",5713,4.44," ",1.0,f,-0.13," "," ",0.163,-4.974,"I ",1.8," ",,HIP 29432,93.0024,6.7831
184,30362,HD 256294,*,B8 IVp...,*,,," ",," ",," "," ",,,"  ",," ",37,HIP 30362,95.7887,8.9075
179,29525,HD 42807," ",G5 V,*,5617,4.5," ",1.0,f,-0.11," "," ",0.33,-4.465,"A ",3.6," ",36,HIP 29525,93.3021,10.6271
182,29800,HD 43386," ",F5 V," ",6602,4.34," ",1.6," ",-0.01," "," ",0.269,-4.452,"A ",1.8," ",,HIP 29800,94.1109,12.2722
166,26366,HD 37160," ",G9 IV," ",4697,3.14," ",1.0,f,-0.66," ",K,,,"  ",," ",,HIP 26366,84.2266,9.2907
165,26335,HD 245409," ",M0.5 V ke," ",,," ",," ",," "," ",,,"  ",," ",32,HIP 26335,84.1291,11.3279
176,28954,HD 41593," ",G9 V,*,,," ",," ",," "," ",0.424,-4.456,"A ",3.6," ",35,HIP 28954,91.6687,15.5421
196,32362,HD 48737," ",F5 IV-V," ",6455,3.61," ",2.0," ",-0.09," "," ",0.239,-4.531,"A ",1.8," ",,HIP 32362,101.3224,12.8956
193,31681,HD 47105," ",A1.5 IV+," ",8953,3.46," ",2.0," ",-0.18," "," ",,,"  ",," ",42,HIP 31681,99.4279,16.3993
216,35389,BD+18 1563,*,A5 V," ",,," ",," ",," "," ",,,"  ",," ",,HIP 35389,109.6369,17.8949
188,30630,HD 45088," ",K3 V k,*,4647,4.39,f,1.0,f,-0.83," "," ",0.878,-4.266,"A ",3.6," ",39,HIP 30630,96.5427,18.7569
180,29650,HD 43042," ",F5.5 IV-V," ",6576,4.35," ",1.5," ",0.13," "," ",0.186,-4.714,"A ",1.8," ",,HIP 29650,93.712,19.1564
189,30756,HD 257498,*,K0 IIIb,*,,," ",," ",," "," ",,,"  ",," ",40,HIP 30756,96.9415,20.7832
190,30757,HD 45352," ",K2 III-IV,*,,," ",," ",," "," ",,,"  ",," ",41,HIP 30757,96.944,20.7895
207,33537,HD 51419," ",G5 V Fe-1," ",5656,4.51," ",1.0,f,-0.44," "," ",0.168,-4.935,"I ",1.8," ",,HIP 33537,104.549,22.4759
204,33277,HD 50692," ",G0 V," ",5907,4.29," ",1.0,f,-0.11," "," ",0.162,-4.938,"I ",1.8," ",,HIP 33277,103.8278,25.3757
194,32010,HD 47752," ",K3.5 V," ",4632,4.67,f,1.0,f,-0.54," "," ",0.348,-4.802,"I ",3.6," ",,HIP 32010,100.3155,23.9577
150,23786,HD 32850," ",G9 V," ",5276,4.56," ",1.0,f,-0.25," "," ",0.276,-4.68,"A ",3.6," ",,HIP 23786,76.6759,14.4462
161,25220,HD 35171," ",K4 V," ",,," ",," ",," "," ",0.997,-4.452,"A ",3.6," ",,HIP 25220,80.9099,17.3241
171,27913,HD 39587," ",G0 IV-V,*,5964,4.68," ",1.5," ",-0.12," "," ",0.309,-4.456,"A ",1.8," ",33,HIP 27913,88.5958,20.2762
162,25278,HD 35296," ",F8 V,*,6202,4.51," ",1.9," ",-0.12," "," ",0.349,-4.353,"A ",1.8," ",31,HIP 25278,81.1061,17.3835
151,23835,HD 32923," ",G1 V," ",5592,3.79," ",1.0,f,-0.39," "," ",0.142,-5.127,VI,1.8," ",,HIP 23835,76.8625,18.6451
143,21818,HD 29697," ",K4 V ke,*,,," ",," ",," "," ",2.318,-4.066,VA,3.6," ",27,HIP 21818,70.3286,20.9015
146,22715,HD 30973," ",K3 V," ",,," ",," ",," "," ",0.503,-4.633,"A ",3.6," ",,HIP 22715,73.2697,22.2352
175,28908,HD 41330," ",G0 V," ",5858,4.25," ",1.2," ",-0.2," "," ",0.146,-5.073,"I ",1.8," ",,HIP 28908,91.5356,35.3877
169,27207,HD 38230," ",K0 V," ",5174,4.48,f,1.0,f,-0.35," "," ",0.147,-5.11,VI,3.6," ",,HIP 27207,86.5079,37.2846
311,54651,HD 97214," ",K6 V," ",,," ",," ",," "," ",0.311,-4.939,"I ",3.6," ",,HIP 54651,167.7946,-10.9509
326,58576,HD 104304," ",G8 IV-V," ",5499,4.35,f,1.0,f,0.14," "," ",0.18,-4.933,"I ",3.6," ",,HIP 58576,180.1852,-10.446
335,60816,HD 108510," ",G1 V Fe-0.7," ",5926,4.43," ",1.0,f,0.04," "," ",0.172,-4.887,"I ",1.8," ",,HIP 60816,186.9812,-8.678
331,59750,HD 106516," ",F6 V Fe-1 CH-0.5," ",6316,4.31," ",0.9," ",-0.45," "," ",0.252,-4.52,"A ",1.8," ",,HIP 59750,183.794,-10.3124
330,59743,HD 106515," ",K0- V," ",5237,4.08,f,1.0,f,-0.25," "," ",0.154,-5.07,"I ",3.6," ",,HIP 59743,183.7774,-7.2573
349,63366,HD 112758," ",K2 V Fe-0.8," ",5113,4.48,f,1.0,f,-0.58," "," ",0.141,-5.14,VI,3.6," ",,HIP 63366,194.7565,-9.8341
372,66252,HD 118100," ",K4.5 V ke,*,,," ",," ",," "," ",3.461,-4.09,VA,3.6," ",75,HIP 66252,203.68,-8.342
373,66587,BD-05 3740," ",M0.5 V," ",,," ",," ",," "," ",,,"  ",," ",,HIP 66587,204.7445,-6.2368
395,69962,HD 125354," ",K7 V," ",,," ",," ",," "," ",1.241,-4.667,"A ",3.6," ",,HIP 69962,214.7428,-6.6036
390,69414,HD 124292," ",G8+ V," ",5418,4.62," ",1.0,f,-0.15," "," ",0.15,-5.077,"I ",1.8," ",,HIP 69414,213.1885,-3.3201
398,70319,HD 126053," ",G1.5 V," ",5722,4.57," ",1.0,f,-0.28," "," ",0.162,-4.979,"I ",1.8," ",,HIP 70319,215.8137,1.2416
385,68469,HD 122303," ",M1.5 V," ",,," ",," ",," "," ",,,"  ",," ",,HIP 68469,210.2633,-2.6549
375,66886,HD 119291," ",K5 V," ",,," ",," ",," "," ",0.852,-4.667,"A ",3.6," ",,HIP 66886,205.6085,-1.6863
371,66249,HD 118098," ",A2 Van," ",8633,3.77," ",2.0,f,-0.02," ",*,,,"  ",," ",74,HIP 66249,203.6733,-0.5958
370,66212,HD 118036," ",K2 V," ",5001,3.9,f,1.0,f,0.13," "," ",0.316,-4.725,"A ",3.6," ",,HIP 66212,203.5677,-0.3138
355,63742,HD 113449," ",K1 V (k)," ",,," ",," ",," "," ",0.584,-4.34,"A ",1.8," ",,HIP 63742,195.9569,-5.1618
340,61941,HD 110379/80," ",F2 V,*,,," ",," ",," "," ",,,"  ",," ",68,HIP 61941,190.4152,-1.4494
358,64457,HD 114783," ",K1 V," ",5039,4.49,f,1.0,f,0.0," "," ",0.172,-5.056,"I ",3.6," ",,HIP 64457,198.1824,-2.265
351,63467,HD 112943," ",K2 IIIb," ",,," ",," ",," "," ",,,"  ",," ",,HIP 63467,195.0708,-2.7048
344,62942,HD 112099," ",K1 V," ",5242,4.56,f,1.0,f,0.09," "," ",0.28,-4.716,"A ",1.8," ",,HIP 62942,193.4767,6.7629
363,65355,HD 116443," ",K2 V," ",5178,4.55,f,1.0,f,-0.15," "," ",0.152,-5.099,"I ",3.6," ",,HIP 65355,200.9202,2.7253
362,65352,HD 116442," ",G9 V," ",5350,4.64," ",1.0,f,-0.17," "," ",0.154,-5.065,"I ",1.8," ",,HIP 65352,200.9131,2.7233
368,66147,HD 117936," ",K3+ V," ",,," ",," ",," "," ",0.437,-4.711,"A ",3.6," ",,HIP 66147,203.385,8.5868
378,67246,HD 120066,*,G0 V," ",5874,4.21," ",1.0,f,0.14," "," ",0.134,-5.193,VI,3.6," ",,HIP 67246,206.738,6.3504
387,68682,HD 122742," ",G6 V," ",5350,4.2," ",1.0,f,-0.12," "," ",0.173,-4.955,"I ",3.6," ",,HIP 68682,210.8848,10.7868
377,67105,HD 119802," ",K3 V," ",,," ",," ",," "," ",0.584,-4.61,"A ",3.6," ",,HIP 67105,206.3113,8.836
356,64150,HD 114174," ",G3 IV," ",5750,4.34," ",1.0,f,0.07," "," ",0.158,-5.018,"I ",1.8," ",,HIP 64150,197.2126,5.2072
353,63608,HD 113226," ",G8 III," ",5120,3.01," ",1.0,f,0.13," ",K,,,"  ",," ",,HIP 63608,195.5442,10.9592
308,54513," "," ",M0.5 V," ",,," ",," ",," "," ",,,"  ",," ",,HIP 54513,167.301,-4.607
304,54155,HD 96064," ",G8+ V (k)," ",5360,4.55," ",1.0,f,-0.07," "," ",0.461,-4.373,"A ",1.8," ",,HIP 54155,166.1728,-4.2211
305,,BD-03 3040B," ",M0+ V kee,*,,," ",," ",," "," ",,,"  ",," ",61,BD-03 3040B,166.1729,-4.2217
318,56445,HD 100563," ",F6+ V," ",6479,4.39," ",1.7," ",0.1," "," ",0.206,-4.67,"A ",1.8," ",,HIP 56445,173.5915,3.0602
285,49756,HD 88072,*,G3 V," ",5746,4.31," ",1.0,f,0.01," "," ",0.155,-5.03,"I ",1.8," ",,HIP 49756,152.3476,2.3711
279,48411,HD 85488," ",K5+ V," ",,," ",," ",," "," ",0.966,-4.678,"A ",3.6," ",,HIP 48411,148.0473,3.2218
272,46580,HD 82106," ",K3 V," ",4709,4.62,f,1.0,f,-0.42," "," ",0.572,-4.545,"A ",3.6," ",,HIP 46580,142.4784,5.6551
294,51254,HD 90663," ",K2.5 V," ",4900,4.63,f,1.0,f,-0.29," "," ",0.182,-5.016,"I ",3.6," ",,HIP 51254,157.0435,6.7351
300,53486,HD 94765," ",K2.5 V," ",,," ",," ",," "," ",0.454,-4.546,"A ",3.6," ",,HIP 53486,164.1283,7.3885
283,49669,HD 87901," ",B8 IVn," ",11962,3.56," ",2.0,f,0.0,f,*,,,"  ",," ",58,HIP 49669,152.093,11.9672
291,50782,HD 89813," ",G9 V," ",5368,4.51,f,1.0,f,-0.17," "," ",0.155,-5.054,"I ",1.8," ",,HIP 50782,155.5395,11.3102
333,59816,BD+06 2573," ",K5 V," ",,," ",," ",," "," ",1.218,-4.561,"A ",3.6," ",,HIP 59816,183.993,5.6402
341,61960,HD 110411," ",A3 Va {lambda} Boo...,*,8671,4.03," ",2.0,f,-1.1," ",*,,,"  ",," ",69,HIP 61960,190.4711,10.2356
334,60475,HD 107888," ",M0.5 V," ",,," ",," ",," "," ",,,"  ",," ",,HIP 60475,185.9731,12.5803
315,55642,HD 99028," ",F5 IV," ",6600,3.7," ",2.7," ",-0.03," "," ",0.27,-4.436,"A ",1.8," ",,HIP 55642,170.9811,10.5295
322,57632,HD 102647," ",A3 Va," ",8378,4.22," ",2.0,f,0.0," ",*,,,"  ",," ",64,HIP 57632,177.2649,14.5721
339,61901,HD 110315," ",K4.5 V," ",,," ",," ",," "," ",0.286,-5.02,"I ",3.6," ",,HIP 61901,190.277,15.3767
359,64797,HD 115404," ",K2.5 V  (k)," ",4899,4.4,f,1.0,f,-0.49," "," ",0.383,-4.64,"A ",3.6," ",,HIP 64797,199.2127,17.0172
357,64241,HD 114378," ",F5.5 V," ",6399,4.13," ",1.6," ",-0.24," "," ",0.308,-4.385,"A ",1.8," ",,HIP 64241,197.497,17.5294
329,59602," "," ",M1.5 V," ",,," ",," ",," "," ",,,"  ",," ",,HIP 59602,183.3353,16.6944
337,61099,HD 108984," ",K0 V," ",,," ",," ",," "," ",0.214,-4.878,"I ",3.6," ",,HIP 61099,187.8262,20.2178
343,62523,HD 111395," ",G7 V," ",5665,4.76," ",1.0,f,0.05," "," ",0.227,-4.733,"A ",1.8," ",,HIP 62523,192.196,24.8402
317,56242,HD 100180,*,F9.5 V," ",6021,4.42," ",1.5," ",-0.04," "," ",0.16,-4.95,"I ",1.8," ",,HIP 56242,172.9373,14.3645
307,54459,HD 96692," ",K5+ V," ",,," ",," ",," "," ",0.262,-5.045,"I ",3.6," ",,HIP 54459,167.1323,15.7676
323,57866,HD 103072," ",K2 V," ",5029,4.6,f,1.0,f,-0.3," "," ",0.165,-5.037,"I ",3.6," ",,HIP 57866,178.0347,18.7552
313,54872,HD 97603," ",A5 IV(n)," ",8037,3.72," ",2.0,f,0.0," ",*,,,"  ",," ",62,HIP 54872,168.5271,20.5237
314,54906,HD 97658," ",K1 V," ",,," ",," ",," "," ",0.158,-5.06,"I ",3.6," ",,HIP 54906,168.6382,25.7104
321,57274,BD+31 2290," ",K4 V," ",,," ",," ",," "," ",0.286,-5.02,"I ",3.6," ",,HIP 57274,176.1707,30.9593
320,56997,HD 101501," ",G8 V," ",5463,4.51,f,1.0,f,-0.12," "," ",0.282,-4.612,"A ",1.8," ",,HIP 56997,175.2626,34.2016
324,57939,HD 103095," ",K1 V Fe-1.5," ",5157,4.76,f,1.0,f,-1.08," "," ",0.136,-5.179,VI,1.8," ",,HIP 57939,178.2449,37.7187
502,87464,HD 162598," ",K6 V," ",,," ",," ",," "," ",0.405,-4.928,"I ",3.6," ",,HIP 87464,268.0692,-7.5604
508,88175,HD 164259," ",F2 V," ",6771,4.01," ",1.9," ",-0.06," "," ",,,"  ",," ",,HIP 88175,270.1209,-3.6903
548,97650,HD 187532," ",F2 V," ",6782,4.07," ",1.5," ",-0.12," "," ",,,"  ",," ",,HIP 97650,297.6949,-10.7635
551,98416,HD 189340," ",F9 V," ",5947,4.3," ",1.5," ",-0.14," "," ",0.163,-4.951,"I ",1.8," ",,HIP 98416,299.9473,-9.9582
565,99764,BD-07 5223," ",M0 V," ",,," ",," ",," "," ",,,"  ",," ",,HIP 99764,303.6175,-7.282
566,99916," "," ",M0.5 V," ",,," ",," ",," "," ",,,"  ",," ",,HIP 99916,304.0917,-2.069
564,99711,HD 192263," ",K2.5 V," ",4814,4.54,f,1.0,f,-0.6," "," ",0.365,-4.676,"A ",3.6," ",,HIP 99711,303.4994,-0.8669
576,102301," "," ",M1 V," ",,," ",," ",," "," ",,,"  ",," ",,HIP 102301,310.9222,-0.1782
554,98698,HD 190007," ",K4 V," ",,," ",," ",," "," ",0.644,-4.692,"A ",3.6," ",,HIP 98698,300.696,3.3262
528,93805,HD 177756," ",B9 IVp,*,11501,4.02," ",2.0,f,0.0,f,*,,,"  ",," ",103,HIP 93805,286.5622,-4.8826
518,89962,HD 168723," ",K0 III-IV," ",4888,2.39," ",1.0,f,-0.13," ",K,,,"  ",," ",,HIP 89962,275.3275,-2.8988
509,88324,HD 164651," ",G8 V," ",5446,4.39," ",1.0,f,-0.15," "," ",0.15,-5.08,"I ",1.8," ",,HIP 88324,270.5745,0.1042
519,90035,BD+01 3657," ",K6 V ke,*,,," ",," ",," "," ",4.538,-4.055,VA,3.6," ",99,HIP 90035,275.5718,1.7071
539,96285,HD 184489," ",K8 V," ",,," ",," ",," "," ",1.514,-4.735,"A ",3.6," ",,HIP 96285,293.666,4.5825
549,98036,HD 188512," ",G8 IV-V," ",5100,3.78," ",1.0,f,-0.29," "," ",0.126,-5.235,VI,1.8," ",,HIP 98036,298.8283,6.4068
547,97649,HD 187642," ",A7 Vn," ",7800,3.76," ",2.0,f,0.02," ",*,,,"  ",," ",105,HIP 97649,297.6958,8.8683
532,94650,HD 180263," ",K2 IV-V," ",,," ",," ",," "," ",0.244,-4.847,"I ",3.6," ",,HIP 94650,288.8961,11.5547
527,93747,HD 177724," ",A0 IV-Vnn," ",9190,3.74," ",2.0,f,-0.68," ",*,,,"  ",," ",102,HIP 93747,286.3525,13.8635
464,79672,HD 146233," ",G2 V," ",5744,4.44," ",1.0,f,0.0," "," ",0.159,-5.0,"I ",1.8," ",,HIP 79672,243.9053,-8.3694
473,81300,HD 149661," ",K0 V,*,5312,4.49,f,1.0,f,0.0," "," ",0.306,-4.63,"A ",3.6," ",93,HIP 81300,249.0894,-2.3246
490,84581,BD-07 4419B,*,A9 III," ",,," ",," ",," "," ",,,"  ",," ",,HIP 84581,259.348,-7.8764
485,83676,HD 154518," ",K3 V," ",,," ",," ",," "," ",0.418,-4.704,"A ",3.6," ",,HIP 83676,256.5342,-6.1672
488,84212," "," ",M1 V," ",,," ",," ",," "," ",,,"  ",," ",,HIP 84212,258.2136,-5.1254
492,85042,HD 157347,*,G3 V," ",5633,4.43," ",1.0,f,0.01," "," ",0.152,-5.058,"I ",3.6," ",,HIP 85042,260.7137,-2.3882
493,85295,HD 157881," ",K7 V," ",,," ",," ",," "," ",1.98,-4.573,"A ",3.6," ",,HIP 85295,261.4385,2.1114
497,86400,HD 160346," ",K2.5 V," ",4801,4.57,f,1.0,f,-0.47," "," ",0.218,-4.956,"I ",3.6," ",,HIP 86400,264.8205,3.5552
479,82588,HD 152391," ",G8+ V,*,5290,4.3," ",1.0,f,-0.12," "," ",0.35,-4.502,"A ",1.8," ",94,HIP 82588,253.245,-0.0264
484,83601,HD 154417," ",F9 V,*,5985,4.28," ",1.0,f,-0.01," "," ",0.288,-4.494,"A ",1.8," ",95,HIP 83601,256.3201,0.7026
475,81375,HD 149806," ",K0 V," ",,," ",," ",," "," ",0.173,-4.995,"I ",3.6," ",,HIP 81375,249.2851,0.2543
436,76233,HD 138763," ",F9 IV-V," ",6076,4.63," ",1.6," ",-0.12," "," ",0.333,-4.405,"A ",1.8," ",,HIP 76233,233.5867,-5.6951
453,78395,BD-01 3125," ",K6 V," ",,," ",," ",," "," ",1.296,-4.567,"A ",3.6," ",,HIP 78395,240.0687,-1.7988
450,78024,HD 142661," ",F8.5 V," ",6048,3.93," ",1.4," ",0.07," "," ",0.161,,"I ",1.8," ",,HIP 78024,238.9774,-2.1644
451,78024,BD-01 3118B," ",G8.5 V (k)," ",,," ",," ",," "," ",0.335,,"A ",1.8," ",,HIP 78024,238.9774,-2.1644
420,74537,HD 135204," ",G9 V," ",5391,4.43," ",1.0,f,-0.11," "," ",0.146,-5.107,VI,3.6," ",,HIP 74537,228.4621,-1.3514
423,74702,HD 135599," ",K0 V," ",,," ",," ",," "," ",0.298,-4.663,"A ",3.6," ",,HIP 74702,228.9965,0.7964
426,75266,HD 136834," ",K3 IV-V," ",4803,4.48,f,1.0,f,-0.13," "," ",0.276,-4.871,"I ",3.6," ",,HIP 75266,230.6773,1.4186
445,77408,HD 141272," ",G9 V  (k)," ",5299,4.55," ",1.0,f,-0.17," "," ",0.419,-4.452,"A ",3.6," ",,HIP 77408,237.0394,1.5717
446,77622,HD 141795," ",kA2hA5mA7 V," ",,," ",," ",," "," ",,,"  ",," ",,HIP 77622,237.704,4.4777
442,77070,HD 140573," ",K2 III," ",4548,2.37," ",1.0,f,0.04," ",K,,,"  ",," ",,HIP 77070,236.067,6.4256
443,77257,HD 141004," ",G0 IV-V," ",5892,4.14," ",1.0,f,-0.01," "," ",0.154,-5.011,"I ",1.8," ",,HIP 77257,236.6109,7.3531
471,80644,HD 148467," ",K6 V,*,,," ",," ",," "," ",,,"  ",," ",92,HIP 80644,246.9871,7.3054
480,83000,HD 153210," ",K2 III," ",4564,2.5," ",1.0,f,0.16," ",K,,,"  ",," ",,HIP 83000,254.4171,9.375
465,79702,HD 146413," ",K4 V," ",,," ",," ",," "," ",0.638,-4.68,"A ",3.6," ",,HIP 79702,243.9877,7.3571
466,,BD+07 3125B," ",K5 V,*,,," ",," ",," "," ",0.919,,"  ",3.6," ",90,BD+07 3125B,243.975,7.3667
460,79492,HD 145958," ",G9 V," ",,," ",," ",," "," ",0.154,-5.059,"I ",3.6,*,88,HIP 79492,243.3269,13.5269
461,79492,BD+13 3091B," ",G8+ V," ",,," ",," ",," "," ",0.154,-5.059,"I ",3.6,*,,HIP 79492,243.3269,13.5269
472,80725,HD 148653," ",K2 V," ",,," ",," ",," "," ",0.313,-4.655,"A ",3.6," ",,HIP 80725,247.2194,18.4141
511,88601,HD 165341," ",K0- V,*,5019,4.03,f,1.0,f,-0.38," "," ",0.294,-4.698,"A ",3.6," ",98,HIP 88601,271.3637,2.5001
512,88622,HD 165401," ",G0 V," ",5798,4.27," ",1.0,f,-0.29," "," ",0.226,-4.668,"A ",1.8," ",,HIP 88622,271.4061,4.6572
501,87108,HD 161868," ",A1 Vn kA0mA0," ",8951,4.03," ",2.0,f,-0.81," ",*,,,"  ",," ",97,HIP 87108,266.9732,2.7073
500,86742,HD 161096," ",K2 III," ",4571,1.99," ",1.0,f,0.06," ",K,,,"  ",," ",,HIP 86742,265.8681,4.5673
520,90355,HD 169822," ",G6 V," ",5494,4.45," ",1.0,f,-0.15," "," ",0.162,-4.998,"I ",3.6," ",,HIP 90355,276.542,8.7776
513,88771,HD 165777," ",A5 V," ",8400,3.89," ",3.0," ",0.2," "," ",,,"  ",," ",,HIP 88771,271.8374,9.5638
505,87768,BD+18 3497," ",K5 V," ",,," ",," ",," "," ",1.234,-4.489,"A ",3.6," ",,HIP 87768,268.9371,18.5004
526,93509,HD 177082," ",G0 V," ",5733,4.25," ",1.0,f,-0.11," "," ",0.181,-4.872,"I ",1.8," ",,HIP 93509,285.6586,14.567
521,90864,HD 171067,*,G6 V," ",5589,4.52," ",1.0,f,-0.07," "," ",0.163,-4.99,"I ",3.6," ",,HIP 90864,278.0436,13.7366
529,93966,HD 178428," ",G5 IV-V," ",5588,4.01," ",1.0,f,0.14," "," ",0.149,-5.083,"I ",1.8," ",,HIP 93966,286.9888,16.8534
487,84195,HD 155712," ",K2.5 V," ",,," ",," ",," "," ",0.197,-4.988,"I ",3.6," ",,HIP 84195,258.1568,18.3512
498,86722,HD 161198," ",G9 V," ",5266,4.52," ",1.0,f,-0.55," "," ",0.148,-5.093,"I ",3.6," ",,HIP 86722,265.8152,21.6092
478,82389,HD 151995," ",K3.5 V," ",,," ",," ",," "," ",0.193,-5.083,"I ",3.6," ",,HIP 82389,252.522,18.9004
483,83343,BD+23 3035," ",K3 V," ",,," ",," ",," "," ",0.596,-4.541,"A ",3.6," ",,HIP 83343,255.4993,22.936
489,84379,HD 156164," ",A1 IVn," ",8879,3.47," ",2.0,f,-0.04," ",*,,,"  ",," ",96,HIP 84379,258.758,24.8392
491,84607,HD 156668," ",K3 V," ",,," ",," ",," "," ",0.169,-5.136,VI,3.6," ",,HIP 84607,259.4187,29.2272
503,87579,BD+21 3245," ",K2.5 V," ",,," ",," ",," "," ",0.496,-4.529,"A ",3.6," ",,HIP 87579,268.3747,21.3253
499,86731,HD 161239," ",G2 IV," ",5640,3.53," ",1.6," ",-0.12," "," ",,,"  ",," ",,HIP 86731,265.8399,24.3278
510,88348,HD 164922," ",G9 V," ",5349,4.39," ",1.0,f,0.0," "," ",0.141,-5.141,VI,3.6," ",,HIP 88348,270.6286,26.313
514,88945,HD 166435," ",G1 IV," ",5741,4.41," ",1.1," ",-0.07," "," ",0.49,-4.223,"A ",1.8," ",,HIP 88945,272.3391,29.9517
494,85582,BD+29 3029," ",K5 V," ",,," ",," ",," "," ",0.69,-4.678,"A ",3.6," ",,HIP 85582,262.3336,29.3919
506,87773,BD+33 2990," ",K6 V," ",,," ",," ",," "," ",1.312,-4.479,"A ",3.6," ",,HIP 87773,268.9585,33.4206
507,,BD+33 2990C," ",M2.5 V," ",,," ",," ",," "," ",,,"  ",," ",,ADS 10903C,268.9606,33.4228
515,88972,HD 166620," ",K2 V," ",4900,4.53,f,1.0,f,-0.61," "," ",0.159,-5.067,"I ",3.6," ",,HIP 88972,272.4059,38.4578
110,17378,HD 23249," ",K1 IV," ",4984,3.61," ",1.0,f,0.18," "," ",,,"  ",," ",,HIP 17378,55.8121,-9.7634
108,16537,HD 22049," ",K2 V (k)," ",5120,4.53,f,1.0,f,-0.1," "," ",0.346,-4.634,"A ",3.6," ",,HIP 16537,53.2327,-9.4583
106,15919,HD 21197," ",K4 V," ",,," ",," ",," "," ",0.644,-4.724,"A ",3.6," ",,HIP 15919,51.2489,-5.3638
79,12444,HD 16673," ",F8 V," ",6250,4.28," ",1.7," ",-0.1," "," ",0.239,-4.586,"A ",1.8," ",,HIP 12444,40.0518,-9.4529
239,39757,HD 67523," ",F5II kF2II mF5II," ",,," ",," ",," "," ",,,"  ",," ",,HIP 39757,121.886,-24.3043
269,45839,HD 80632," ",K5- V," ",,," ",," ",," "," ",0.592,-4.778,"I ",3.6," ",,HIP 45839,140.1847,-5.754
254,42333,HD 73350," ",G5 V," ",5754,4.37," ",1.0,f,0.04," "," ",0.245,-4.657,"A ",1.8," ",,HIP 42333,129.4596,-6.8069
444,77349," "," ",M2.5 V," ",,," ",," ",," "," ",,,"  ",," ",,HIP 77349,236.8527,-10.8965
425,75253,HD 136713," ",K3 IV-V," ",,," ",," ",," "," ",0.26,-4.878,"I ",3.6," ",,HIP 75253,230.6529,-10.6611
435,76219,HD 138716," ",K1 III-IV," ",4724,2.75," ",1.0,f,-0.06," ",K,,,"  ",," ",,HIP 76219,233.5446,-10.0645
440,76602,HD 139460," ",F7 V," ",6298,4.42," ",1.6," ",-0.03," "," ",0.183,-4.793,"I ",1.8," ",,HIP 76602,234.6664,-8.7947
441,76603,HD 139461," ",F6.5 V," ",6329,4.33," ",1.5," ",-0.06," "," ",0.169,-4.861,"I ",1.8," ",,HIP 76603,234.667,-8.7915
432,75722,HD 137778," ",K2 V," ",5081,4.46,f,1.0,f,0.01," "," ",0.467,-4.472,"A ",3.6," ",,HIP 75722,232.0509,-9.3579
431,75718,HD 137763," ",G9 V," ",5390,4.42," ",1.0,f,0.0," "," ",0.153,-5.072,"I ",3.6," ",,HIP 75718,232.04,-9.3481
401,70956,HD 127339," ",M0.5- V," ",,," ",," ",," "," ",,,"  ",," ",,HIP 70956,217.6988,-8.6463
415,73717,HD 133352," ",G8 V," ",5430,4.59," ",1.0,f,-0.12," "," ",0.149,-5.09,"I ",1.8," ",,HIP 73717,226.0289,-6.8874
570,101345,HD 195564,*,G2 V," ",5560,3.74," ",1.4," ",-0.09," "," ",0.134,-5.196,VI,1.8," ",,HIP 101345,308.0987,-9.8534
586,103682,HD 199960,*,G1 V," ",5861,4.01," ",1.3," ",0.16," "," ",0.144,-5.108,VI,1.8," ",,HIP 103682,315.141,-4.7303
